{"type":"FeatureCollection","features":[{"type":"Feature","geometry":{"type":"MultiPolygon","coordinates":[[[[130.8221414000002,42.462904599999945],[130.82020310000007,42.46351940000005],[130.81991770000002,42.4608477000001],[130.8221414000002,42.462904599999945]]],[[[131.3483500000002,42.76221990000016],[131.34687,42.76418],[131.3448399,42.76152],[131.34813,42.76107],[131.3483500000002,42.76221990000016]]],[[[132.91205290000005,42.765285800000015],[132.90037540000003,42.759711],[132.90035830000022,42.75411959999997],[132.90423510000016,42.7580254],[132.91101830000014,42.75900630000001],[132.91446280000014,42.76461940000013],[132.91205290000005,42.765285800000015]]],[[[132.35255,42.77949],[132.32047,42.77389],[132.30733,42.75071],[132.31923,42.74369],[132.33509,42.75579],[132.34001,42.72871],[132.37056,42.73191],[132.36096,42.73668],[132.36137,42.76826],[132.35255,42.77949]]],[[[132.3608160000001,42.8174146],[132.36052730000017,42.815538300000014],[132.3634519000001,42.813005900000064],[132.36166260000016,42.810378],[132.36543550000022,42.81370909999998],[132.3608160000001,42.8174146]]],[[[131.61483750000014,42.82792110000014],[131.61173150000013,42.8294279000001],[131.60946239999998,42.827472600000135],[131.60997010000006,42.82571990000008],[131.61629660000006,42.82400250000006],[131.61904860000016,42.82474610000014],[131.61978350000004,42.828542700000014],[131.61483750000014,42.82792110000014]]],[[[131.57754610000006,42.84001340000003],[131.57545160000018,42.83968780000009],[131.57444910000004,42.83702040000003],[131.57754610000006,42.84001340000003]]],[[[131.62873880000006,42.841258400000015],[131.62644290000003,42.839437200000134],[131.62800930000014,42.8367899000001],[131.6303428000001,42.838225700000066],[131.6327139,42.836723100000086],[131.6347416000001,42.83724620000004],[131.63375459999997,42.84005870000004],[131.62873880000006,42.841258400000015]]],[[[131.68996,42.84504010000006],[131.6877700000001,42.84278000000012],[131.68902990000004,42.83967],[131.691,42.840910100000144],[131.68996,42.84504010000006]]],[[[131.62252150000006,42.84345910000002],[131.61994119999997,42.8457325],[131.6189273000001,42.84233420000004],[131.6222157000002,42.842228],[131.62252150000006,42.84345910000002]]],[[[133.6127659,42.84567879999997],[133.610632,42.84874520000005],[133.61094890000015,42.84545240000011],[133.6127659,42.84567879999997]]],[[[131.62231010000005,42.85354000000012],[131.61778990000016,42.8539],[131.6155599,42.850609900000165],[131.6200600000002,42.84987],[131.62295,42.85224],[131.62231010000005,42.85354000000012]]],[[[133.80875390000017,42.865906500000165],[133.80526370000007,42.86670279999993],[133.80318730000022,42.863972100000126],[133.8045442,42.861341800000105],[133.81029360000002,42.86165280000006],[133.81013170000017,42.86338590000014],[133.81256040000017,42.8643035],[133.80875390000017,42.865906500000165]]],[[[133.81990480000002,42.87359350000003],[133.81607630000008,42.872982600000114],[133.81947,42.87216410000008],[133.81990480000002,42.87359350000003]]],[[[131.81139310000003,42.88275690000006],[131.8104492,42.88422090000006],[131.80880260000015,42.883054800000025],[131.81139310000003,42.88275690000006]]],[[[131.79750339999998,42.88844750000004],[131.79764120000004,42.887246],[131.80008010000017,42.88753880000013],[131.79750339999998,42.88844750000004]]],[[[131.67779,42.89023],[131.66395,42.88902],[131.63909,42.8629],[131.65752,42.86119],[131.6641,42.87631],[131.67909,42.87198],[131.67779,42.89023]]],[[[133.88390120000008,42.894099],[133.8808656000001,42.8947594],[133.88117750000015,42.89154079999997],[133.8862908000001,42.891453600000034],[133.88599080000017,42.893835],[133.88390120000008,42.894099]]],[[[131.64906,42.89988],[131.64415,42.89948],[131.64221010000006,42.89491],[131.64654010000004,42.898140000000126],[131.6509400000001,42.894960100000105],[131.64906,42.89988]]],[[[131.65589010000008,42.90049],[131.65253000000018,42.89955],[131.65601990000016,42.89947],[131.65589010000008,42.90049]]],[[[132.43816,42.88455],[132.427,42.90454],[132.40795,42.89649],[132.41481,42.86467],[132.39217,42.86016],[132.39503,42.82873],[132.42449,42.83713],[132.43863,42.81307],[132.46656,42.79491],[132.47762,42.80308],[132.45404,42.81321],[132.43553,42.84217],[132.45842,42.86001],[132.43438,42.87671],[132.43816,42.88455]]],[[[131.73284,42.92371],[131.70891,42.92124],[131.71856,42.91381],[131.71131,42.90253],[131.74557,42.90377],[131.74369,42.92049],[131.73284,42.92371]]],[[[131.457959,42.92473740000008],[131.45659090000004,42.9252982000001],[131.45828460000007,42.923214000000144],[131.46086550000007,42.92358480000013],[131.457959,42.92473740000008]]],[[[131.68736790000003,42.93691610000002],[131.6857685,42.936657700000126],[131.6848288000001,42.93201330000011],[131.6882187000001,42.933727499999975],[131.68736790000003,42.93691610000002]]],[[[131.78415340000015,42.93432820000015],[131.78048410000008,42.93757220000015],[131.77676120000012,42.93463450000007],[131.78453960000013,42.93280429999999],[131.78415340000015,42.93432820000015]]],[[[131.76801,42.948910000000126],[131.7675399000001,42.94994],[131.7646499,42.94796],[131.7641999000001,42.94565990000018],[131.77079,42.94459000000012],[131.77191000000016,42.94624],[131.76801,42.948910000000126]]],[[[131.8317,42.94915],[131.82263,42.93185],[131.8478,42.94061],[131.8317,42.94915]]],[[[131.73142,42.99393],[131.72257,42.99183],[131.72986,42.98002],[131.70663,42.97833],[131.72082,42.95948],[131.71106,42.94878],[131.72287,42.9453],[131.73098,42.92828],[131.73008,42.94381],[131.75358,42.94933],[131.76209,42.96164],[131.74358,42.97056],[131.73142,42.99393]]],[[[131.9545531000001,43.02887310000011],[131.95218590000002,43.03085140000002],[131.95198950000008,43.02856260000016],[131.9545531000001,43.02887310000011]]],[[[134.18388890000017,43.0337973],[134.1816292000001,43.03204650000009],[134.18432140000004,43.02832830000011],[134.1899065,43.02860970000012],[134.19037419999995,43.03035470000009],[134.18504830000018,43.03039390000015],[134.18388890000017,43.0337973]]],[[[131.89255,43.0623],[131.8431,43.05851],[131.87704,43.04131],[131.86481,43.03832],[131.86785,43.02629],[131.89886,43.00878],[131.89108,43.00438],[131.90344,42.99489],[131.89955,42.98258],[131.88145,42.99538],[131.85917,43.03927],[131.81299,43.04674],[131.80581,43.06249],[131.79169,43.05124],[131.80239,43.0443],[131.79056,43.04395],[131.80435,43.02243],[131.79241,43.01982],[131.78719,43.03124],[131.77366,43.01122],[131.78164,43.00236],[131.78956,43.00847],[131.78819,42.99961],[131.80201,43.00398],[131.80186,42.99519],[131.78618,42.99145],[131.7571,43.00468],[131.74997,42.99618],[131.75595,42.98744],[131.74562,42.98625],[131.76709,42.97604],[131.79093,42.98294],[131.8079,42.97322],[131.7971,42.96277],[131.81204,42.9738],[131.83189,42.9545],[131.87038,42.96854],[131.87698,42.96249],[131.87072,42.94487],[131.88394,42.96621],[131.90696,42.95816],[131.90268,42.96648],[131.93406,42.99532],[131.9253,42.99956],[131.93768,43.01945],[131.92944,43.02484],[131.93398,43.01798],[131.925,43.00935],[131.91114,43.00929],[131.90631,43.02454],[131.91597,43.03043],[131.89333,43.03165],[131.90366,43.05966],[131.89255,43.0623]]],[[[131.83092,43.06735],[131.82376,43.05962],[131.84443,43.0615],[131.83092,43.06735]]],[[[132.43471,44.55506],[132.42251,44.56251],[132.40665,44.54152],[132.42844,44.54168],[132.43097,44.54823],[132.42077,44.55028],[132.43471,44.55506]]],[[[37.381850700000086,44.75949880000002],[37.37675530000001,44.75900660000002],[37.379805199999964,44.757109],[37.381850700000086,44.75949880000002]]],[[[141.23429,46.02154],[141.34904,46.03941],[141.42973,46.06991],[141.4822,46.10123],[141.54331,46.17361],[141.55987,46.26873],[141.55119,46.31646],[141.53046,46.35571],[141.4382,46.4354],[141.34835,46.47709],[141.23758,46.49306],[141.11928,46.47632],[141.00118,46.42032],[140.93957,46.34823],[140.92206,46.25263],[140.92472,46.20595],[140.93897,46.16404],[141.0001,46.09404],[141.11051,46.03965],[141.23429,46.02154]]],[[[38.26865120000008,46.73311890000008],[38.267318400000136,46.73287090000002],[38.2738829000001,46.73133360000003],[38.26865120000008,46.73311890000008]]],[[[150.32406,45.74436],[150.41781,45.81586],[150.55141,45.9569],[150.82228,46.10221],[151.07148,46.32165],[151.18947,46.46319],[151.208,46.54351],[151.18815,46.60754],[150.99504,46.83471],[150.92029,46.89272],[150.84843,46.92098],[150.71104,46.93889],[150.61978,46.9265],[150.52741,46.88872],[150.46543,46.83949],[150.44061,46.806],[150.41907,46.74057],[150.42098,46.69535],[150.4569,46.62307],[150.47669,46.52214],[150.3649,46.42747],[150.27546,46.42156],[150.172,46.3976],[150.04303,46.34671],[149.89041,46.2569],[149.79769,46.21678],[149.64472,46.08092],[149.44984,45.98141],[149.20087,45.75765],[148.96364,45.72945],[148.8199,45.75382],[148.67885,45.74985],[148.52139,45.71541],[148.34793,45.61086],[148.04802,45.61865],[147.9257,45.63834],[147.79782,45.61789],[147.70468,45.57313],[147.63686,45.51449],[147.52014,45.34228],[147.35237,45.28523],[147.26768,45.22957],[147.23096,45.18053],[147.1909,45.07493],[147.13944,45.0495],[146.96291,44.99437],[146.89094,44.94965],[146.72483,44.75165],[146.51968,44.66579],[146.33792,44.67672],[146.24557,44.70939],[146.15661,44.7169],[146.02443,44.6946],[145.94737,44.66025],[145.83895,44.57398],[145.72782,44.43856],[145.51388,44.13205],[145.32012,43.94043],[145.27636,43.83973],[145.27875,43.73556],[145.44736,43.6233],[145.75942,43.50205],[145.84159,43.38151],[146.05929,43.17756],[146.1175,43.17773],[146.29257,43.23435],[146.7769,43.52135],[146.97473,43.59226],[147.1035,43.66995],[147.14041,43.70358],[147.18113,43.76526],[147.19536,43.8217],[147.18803,43.8855],[147.14619,43.95641],[147.17814,44.30297],[147.37487,44.40663],[147.47485,44.4708],[147.55987,44.57381],[147.7222,44.65731],[147.78828,44.70343],[147.90447,44.75906],[148.00531,44.77451],[148.08344,44.80637],[148.18212,44.86155],[148.31473,44.96466],[148.4088,45.01125],[148.51171,45.0463],[148.99472,45.16763],[149.07321,45.22021],[149.14586,45.32627],[149.40811,45.37364],[149.54739,45.37161],[149.65698,45.39343],[149.83598,45.46308],[150.01817,45.59378],[150.06531,45.6195],[150.17654,45.65677],[150.32406,45.74436]]],[[[31.58163,52.47643],[31.53313,52.48566],[31.53914,52.47271],[31.56197,52.47622],[31.57562,52.46301],[31.58163,52.47643]]],[[[168.40998,54.4109],[168.43497,54.44971],[168.44554,54.48874],[168.43563,54.55147],[168.39926,54.60482],[168.28823,54.68849],[168.24271,54.74707],[168.16069,54.80593],[168.06668,54.8457],[167.96022,54.9125],[167.6958,55.02584],[167.50698,55.07896],[167.33009,55.07769],[167.26625,55.06391],[167.1824,55.03053],[167.11917,54.98457],[167.082,54.93002],[167.07333,54.8912],[167.07856,54.84958],[167.12318,54.75565],[167.17439,54.70028],[167.28807,54.62544],[167.52328,54.50103],[167.9125,54.32518],[168.04071,54.29837],[168.19225,54.30483],[168.33419,54.35143],[168.40998,54.4109]]],[[[21.43499,55.2439],[21.38051,55.29413],[21.27098,55.24501],[21.28929,55.22789],[21.27388,55.20181],[21.22638,55.19473],[21.2309,55.20471],[21.21392,55.2091],[21.17915,55.19712],[21.22074,55.02545],[21.2126,55.00447],[21.2403,54.97881],[21.24749,54.95267],[21.20752,54.91926],[21.10091,54.90631],[21.0856,54.89065],[21.05943,54.90159],[20.99673,54.89081],[20.89131,54.90689],[20.86909,54.89981],[20.82109,54.93415],[20.7801,54.94808],[20.73935,54.93336],[20.69245,54.93043],[20.62214,54.94055],[20.57403,54.93406],[20.52776,54.95551],[20.53428,54.95538],[20.5117,54.954],[20.53483,54.95939],[20.53796,54.97772],[20.57976,54.98442],[20.63826,55.02845],[20.7067,55.05808],[20.7947,55.12613],[20.8637,55.15324],[20.84995,55.16609],[20.9131,55.22436],[20.93977,55.23508],[20.95048,55.252],[20.99818,55.26489],[20.98432,55.27752],[20.9537,55.28083],[20.68016,55.05776],[20.59059,55.00571],[20.49989,54.96931],[20.35393,54.93724],[20.29922,54.94342],[20.27081,54.96317],[20.12341,54.94398],[20.02122,54.94774],[19.97796,54.96092],[19.93144,54.90159],[19.93283,54.86083],[19.96454,54.78807],[19.93149,54.70659],[19.88055,54.65007],[19.86531,54.6467],[19.87741,54.63622],[19.84068,54.60004],[19.639,54.4584],[19.64911,54.45331],[19.73456,54.4961],[19.77266,54.52921],[19.77199,54.54034],[19.80691,54.55593],[19.85309,54.60168],[19.88193,54.61017],[19.87471,54.61915],[19.88667,54.63187],[20.10362,54.65339],[20.17577,54.68776],[20.17394,54.69469],[20.24405,54.69317],[20.24942,54.68636],[20.29403,54.69107],[20.30206,54.64656],[20.28724,54.63197],[20.15949,54.59732],[20.12869,54.57277],[20.06749,54.54952],[20.02106,54.57515],[19.99332,54.57685],[19.96621,54.55254],[19.94407,54.5006],[19.8309,54.46929],[19.80386,54.4424],[20.58441,54.3779],[20.63108,54.36633],[20.69277,54.37212],[20.95135,54.35713],[21.26133,54.32914],[21.43374,54.32687],[21.44537,54.31878],[22.31867,54.34054],[22.792,54.36332],[22.76717,54.38458],[22.73644,54.44292],[22.7011,54.45363],[22.69919,54.50738],[22.68059,54.53337],[22.71376,54.56366],[22.68386,54.58597],[22.72003,54.60662],[22.7266,54.62298],[22.74877,54.63089],[22.74168,54.64265],[22.7572,54.65262],[22.73077,54.66644],[22.74049,54.67404],[22.72334,54.68602],[22.74896,54.70644],[22.73873,54.71689],[22.74358,54.7315],[22.76689,54.73796],[22.77403,54.75118],[22.80715,54.74801],[22.81303,54.76652],[22.8441,54.76685],[22.85951,54.77751],[22.84833,54.78567],[22.87791,54.7908],[22.87333,54.80544],[22.88666,54.81408],[22.87099,54.82021],[22.88001,54.82548],[22.87647,54.83382],[22.85875,54.83879],[22.86908,54.85315],[22.83969,54.86423],[22.85532,54.88633],[22.84631,54.89738],[22.8204,54.91198],[22.79326,54.90372],[22.78302,54.92483],[22.75449,54.91861],[22.74937,54.92498],[22.76635,54.93548],[22.74274,54.93905],[22.72614,54.96318],[22.69002,54.9716],[22.67807,54.9875],[22.65937,54.98188],[22.66381,54.96457],[22.64406,54.9699],[22.6431,54.98401],[22.59605,55.0255],[22.58924,55.07024],[22.4706,55.04453],[22.29136,55.06476],[22.15857,55.05564],[22.13367,55.04642],[22.12056,55.02777],[22.07582,55.025],[22.03691,55.04254],[22.03527,55.08312],[21.99776,55.08673],[21.96428,55.07385],[21.91639,55.08099],[21.84852,55.09746],[21.81627,55.11868],[21.7226,55.13305],[21.70984,55.15129],[21.64919,55.18081],[21.57013,55.19813],[21.50275,55.18644],[21.44937,55.22149],[21.43499,55.2439]]],[[[166.6967,54.47985],[166.85527,54.51033],[166.95698,54.56756],[166.99172,54.60551],[167.01945,54.66295],[167.02038,54.75316],[166.98822,54.89779],[166.95961,54.94766],[166.87311,55.03222],[166.68801,55.15155],[166.64118,55.3465],[166.61733,55.38523],[166.57645,55.4234],[166.48566,55.4804],[166.38212,55.51535],[166.04282,55.56104],[165.93467,55.56459],[165.79388,55.53959],[165.57679,55.45986],[165.49067,55.41781],[165.43438,55.3679],[165.40643,55.31077],[165.40917,55.25148],[165.47682,55.12326],[165.53233,55.07699],[165.80753,54.933],[165.90938,54.83049],[166.13539,54.67818],[166.47064,54.51534],[166.59393,54.48419],[166.6967,54.47985]]],[[[-179.94404,62.76292],[-180.0,62.87591],[-180.0,62.55456],[-179.95477,62.6171],[-179.94079,62.65251],[-179.93386,62.69701],[-179.94404,62.76292]]],[[[-179.74047,69.17461],[-180.0,69.28951],[-180.0,64.74632],[-179.75167,64.86535],[-179.32089,65.00394],[-179.11919,65.14557],[-179.06991,65.21229],[-178.72785,65.26261],[-178.41155,65.24427],[-177.49684,65.24591],[-177.20929,65.27555],[-176.95713,65.33851],[-176.74605,65.35238],[-176.55507,65.31143],[-176.38979,65.25248],[-176.33668,65.18918],[-176.36281,64.99202],[-176.3486,64.9524],[-176.31257,64.91143],[-176.15592,64.82156],[-175.84615,64.68604],[-175.78732,64.6473],[-175.71871,64.61836],[-175.56201,64.58245],[-175.13424,64.56306],[-174.8309,64.52252],[-174.55603,64.44857],[-174.46024,64.38996],[-174.40793,64.33025],[-174.35931,64.29573],[-174.29577,64.26616],[-174.14301,64.21958],[-173.81596,64.13959],[-173.52767,64.1032],[-173.30296,64.0577],[-173.07494,64.04254],[-172.74316,64.07981],[-172.38197,64.19164],[-172.13502,64.20767],[-172.0089,64.22821],[-171.90169,64.26376],[-171.82273,64.31052],[-171.77835,64.3641],[-171.76901,64.4019],[-171.7772,64.44256],[-171.8324,64.55876],[-171.65991,64.65574],[-171.62234,64.69052],[-171.5967,64.74571],[-171.60019,64.78326],[-171.62698,64.83],[-171.64082,65.01132],[-171.61607,65.05679],[-171.6112,65.10009],[-171.62384,65.13805],[-171.67756,65.19551],[-171.68945,65.232],[-171.55729,65.3065],[-171.49516,65.31235],[-171.16599,65.27121],[-171.02914,65.2657],[-170.89804,65.27555],[-170.77839,65.30041],[-170.64803,65.3502],[-170.301,65.44284],[-170.19153,65.48672],[-170.07218,65.56288],[-170.03784,65.60083],[-170.0129,65.67003],[-170.01776,65.71374],[-170.01001,65.73728],[-169.94887,65.77889],[-169.87728,65.78701],[-169.40815,65.59573],[-169.03055,65.48554],[-168.97694,66.01508],[-169.18544,66.01404],[-169.15988,66.06163],[-169.16033,66.10532],[-169.20747,66.19486],[-169.252,66.23467],[-169.31711,66.2696],[-169.44558,66.31561],[-169.59392,66.34585],[-169.73956,66.36059],[-169.83065,66.41281],[-169.93741,66.45071],[-170.20781,66.50205],[-170.29116,66.55175],[-170.5366,66.65115],[-170.82729,66.74553],[-170.84925,66.81078],[-170.91005,66.86646],[-171.0069,66.91249],[-171.12824,66.94535],[-171.15413,66.98742],[-171.1963,67.02688],[-171.29549,67.07673],[-171.49416,67.12916],[-171.78794,67.16898],[-171.94966,67.17607],[-172.10782,67.16357],[-172.44227,67.20238],[-172.65589,67.24328],[-172.79763,67.24861],[-172.9245,67.2405],[-173.35655,67.28066],[-174.26272,67.62079],[-174.94,67.8168],[-175.42458,67.99437],[-177.22225,68.44987],[-177.62867,68.59419],[-178.08989,68.72983],[-178.40072,68.87414],[-178.5067,68.91313],[-178.93379,69.00808],[-179.0421,69.06126],[-179.20117,69.10332],[-179.42027,69.12973],[-179.62324,69.12642],[-179.74047,69.17461]]],[[[49.52517,68.46448],[49.67382,68.47757],[49.91505,68.51942],[50.07923,68.57758],[50.58985,68.8509],[50.68074,68.92229],[50.787,68.98595],[50.83597,69.03069],[50.86167,69.06976],[50.87133,69.12391],[50.86151,69.16248],[50.82385,69.21997],[50.7371,69.29293],[50.56935,69.38427],[50.43573,69.43186],[50.12303,69.51264],[49.61702,69.66414],[49.44104,69.68873],[49.11291,69.70162],[48.84296,69.69054],[48.49881,69.64036],[48.32404,69.59684],[48.13397,69.52456],[48.00358,69.4668],[47.84519,69.36874],[47.77511,69.29673],[47.67874,69.11915],[47.66344,69.04342],[47.6549,68.92289],[47.67244,68.80231],[47.68991,68.76405],[47.74436,68.70163],[47.78875,68.66897],[47.91739,68.60644],[48.10516,68.55385],[48.39311,68.51274],[49.11551,68.45797],[49.52517,68.46448]]],[[[179.62741,70.65826],[179.79315,70.6771],[180.0,70.7166],[180.0,71.74908],[179.64895,71.70269],[179.03924,71.55162],[178.72369,71.41691],[178.52223,71.37742],[178.39055,71.33191],[178.3012,71.26728],[178.07418,71.16004],[178.01495,71.09238],[178.01469,71.02648],[178.02998,70.97616],[178.07214,70.91557],[178.16544,70.83985],[178.1799,70.81348],[178.17717,70.77774],[178.1928,70.74405],[178.24795,70.69636],[178.38037,70.63861],[178.5512,70.60207],[178.85037,70.58683],[179.09148,70.60954],[179.30373,70.65767],[179.4763,70.65192],[179.62741,70.65826]]],[[[-179.53219,70.6615],[-179.03595,70.69472],[-178.55478,70.76278],[-178.23638,70.77941],[-177.55712,70.85902],[-177.36797,70.90008],[-177.13656,70.96431],[-176.95565,71.04887],[-176.90537,71.0802],[-176.87277,71.11391],[-176.82459,71.18826],[-176.81774,71.238],[-176.8663,71.30795],[-177.04139,71.39979],[-177.26046,71.45231],[-177.40604,71.53673],[-177.57475,71.6036],[-177.7627,71.65919],[-177.98474,71.70782],[-178.58426,71.77502],[-179.11486,71.80477],[-179.67169,71.7872],[-180.0,71.74908],[-180.0,70.7166],[-179.78807,70.67599],[-179.53219,70.6615]]],[[[136.24832,73.68054],[136.51964,73.70196],[136.71141,73.74009],[136.79937,73.76766],[136.9189,73.81436],[136.99956,73.86904],[137.01943,73.9081],[137.00654,73.96621],[136.9798,74.02244],[136.93798,74.05865],[136.66523,74.1841],[136.15626,74.35344],[135.90849,74.40329],[135.53173,74.43949],[135.38282,74.44044],[135.16579,74.42691],[135.03407,74.40847],[134.86937,74.36858],[134.757,74.31736],[134.7067,74.2595],[134.71803,74.15566],[134.73238,74.12054],[134.77824,74.0785],[134.89268,74.0233],[135.16638,73.91891],[135.30021,73.87813],[135.48575,73.79497],[135.63997,73.74624],[135.82387,73.70587],[136.02917,73.68405],[136.24832,73.68054]]],[[[116.07298,74.0772],[116.38987,74.1015],[116.63958,74.14713],[116.74738,74.17671],[116.83871,74.21463],[116.89802,74.25688],[116.92692,74.30122],[116.92731,74.33898],[116.91222,74.36761],[116.85806,74.41908],[116.78332,74.45928],[116.67738,74.49602],[116.51836,74.53162],[116.38705,74.54981],[116.03835,74.56707],[115.74889,74.54926],[115.51332,74.50447],[115.41147,74.46939],[115.27036,74.39293],[115.22755,74.34982],[115.21466,74.32362],[115.22193,74.26865],[115.27802,74.21348],[115.34858,74.17601],[115.46342,74.13872],[115.71508,74.09354],[116.07298,74.0772]]],[[[79.66133,74.316],[79.93778,74.34158],[80.10572,74.37742],[80.19359,74.40782],[80.25819,74.44215],[80.36318,74.54133],[80.37537,74.57861],[80.37145,74.59731],[80.34363,74.634],[80.27484,74.67697],[80.0904,74.73922],[79.64453,74.82429],[79.34459,74.84137],[79.04552,74.82861],[78.74955,74.7806],[78.62872,74.74161],[78.52554,74.68716],[78.46192,74.60568],[78.47004,74.54719],[78.50988,74.50402],[78.59084,74.45824],[78.74189,74.40641],[78.96876,74.35928],[79.17521,74.33496],[79.38194,74.3186],[79.66133,74.316]]],[[[83.23536,76.15254],[82.84854,76.17918],[82.58401,76.18672],[81.99883,76.15055],[81.63114,76.15297],[81.45121,76.13952],[81.21171,76.10073],[80.9553,76.02025],[80.8924,75.98963],[80.85221,75.95686],[80.83578,75.9229],[80.84343,75.88876],[80.87475,75.85543],[80.92868,75.82389],[81.00353,75.79504],[81.20642,75.74863],[81.49137,75.70653],[81.741,75.6828],[81.5008,75.64865],[81.32142,75.61056],[81.15127,75.56156],[80.94068,75.47928],[80.86895,75.4399],[80.83298,75.39755],[80.81281,75.34761],[80.81114,75.31186],[80.8294,75.25224],[80.85105,75.21863],[80.89462,75.18644],[80.99932,75.12588],[81.0969,75.08386],[81.33742,75.01521],[81.52896,74.94304],[81.78007,74.89021],[82.03225,74.86952],[82.29764,74.87223],[82.56851,74.90049],[82.75949,74.94337],[82.83251,74.9703],[82.88772,74.99996],[82.92353,75.03156],[82.93886,75.06426],[82.92956,75.10718],[82.96244,75.14453],[82.96527,75.18603],[83.01847,75.20705],[83.1058,75.26465],[83.13808,75.29868],[83.14654,75.33362],[83.10573,75.39919],[83.03141,75.45056],[83.06345,75.48655],[83.06837,75.52035],[83.05038,75.55386],[83.00986,75.58614],[82.866,75.64326],[82.71293,75.67626],[82.96491,75.7184],[83.45811,75.72671],[83.74913,75.76043],[83.9453,75.81081],[84.01406,75.84148],[84.07213,75.88656],[84.09493,75.92525],[84.08637,75.96427],[84.04079,76.01546],[83.98063,76.04795],[83.89719,76.07733],[83.67153,76.12302],[83.23536,76.15254]]],[[[152.5581,75.51109],[152.7357,75.52205],[152.97234,75.55563],[153.1346,75.59918],[153.21097,75.63335],[153.26022,75.67136],[153.27812,75.70992],[153.26735,75.74883],[153.22527,75.78855],[153.08102,75.84861],[152.86841,75.89148],[153.25572,75.92275],[153.42412,75.9563],[153.56227,76.00259],[153.62238,76.03786],[153.65946,76.07989],[153.67834,76.15654],[153.67777,76.18526],[153.65973,76.22917],[153.62035,76.26061],[153.53229,76.30029],[153.35333,76.34535],[153.13206,76.37438],[152.78189,76.38637],[152.40049,76.3722],[152.09426,76.33421],[151.89745,76.27955],[151.80287,76.2385],[151.7266,76.18757],[151.70854,76.15169],[151.71615,76.1182],[151.73893,76.09191],[151.82826,76.03964],[152.12672,75.95644],[152.34236,75.91618],[152.06947,75.89394],[151.80233,75.83542],[151.68345,75.77949],[151.64552,75.74176],[151.63868,75.70024],[151.66093,75.66469],[151.70506,75.63254],[151.79235,75.59394],[151.97776,75.54762],[152.2785,75.51401],[152.5581,75.51109]]],[[[149.65714,76.46149],[149.84116,76.49706],[149.9711,76.53566],[150.04744,76.56661],[150.11092,76.61449],[150.27276,76.66793],[150.35087,76.72181],[150.36508,76.75578],[150.35366,76.78997],[150.31194,76.82628],[150.24078,76.86014],[150.14215,76.89044],[150.0071,76.91806],[149.71103,76.94961],[149.38718,76.95474],[148.59248,76.9166],[148.3409,76.88873],[147.88325,76.79231],[147.68682,76.71843],[147.63139,76.67532],[147.61815,76.64261],[147.62295,76.61845],[147.65403,76.58227],[147.7464,76.53403],[147.84347,76.50385],[148.00112,76.472],[148.18997,76.44927],[148.4577,76.43629],[148.89705,76.44436],[149.10693,76.43192],[149.30785,76.43236],[149.65714,76.46149]]],[[[158.17223,76.5829],[158.54649,76.60986],[158.81381,76.66363],[158.94268,76.71452],[159.0021,76.75972],[159.01421,76.80587],[158.99652,76.83614],[158.95176,76.86947],[158.79417,76.92703],[158.5038,76.9754],[158.13596,76.99573],[157.79165,76.99013],[157.43677,76.94581],[157.25967,76.89474],[157.19848,76.86304],[157.1578,76.82119],[157.15482,76.78472],[157.20213,76.73276],[157.35197,76.66999],[157.4754,76.63903],[157.65907,76.60888],[157.85559,76.58988],[158.17223,76.5829]]],[[[156.62226,76.87492],[156.98533,76.89381],[157.31159,76.94807],[157.41189,76.97965],[157.47731,77.011],[157.51782,77.04443],[157.52997,77.09448],[157.49837,77.15124],[157.44122,77.18764],[157.27417,77.24412],[157.03318,77.28573],[156.84669,77.30209],[156.52825,77.31023],[156.09614,77.28139],[155.81292,77.22957],[155.65756,77.17068],[155.58883,77.10783],[155.57933,77.07457],[155.59065,77.04569],[155.6257,77.01289],[155.71146,76.97101],[155.8944,76.92234],[156.07764,76.89461],[156.2623,76.87902],[156.62226,76.87492]]],[[[82.79473,77.26597],[83.12988,77.28963],[83.39741,77.34032],[83.49062,77.37342],[83.55624,77.40931],[83.58813,77.44825],[83.58219,77.48589],[83.54555,77.52235],[83.47131,77.55838],[83.2894,77.61668],[83.06606,77.67016],[82.77651,77.70542],[82.43498,77.72475],[81.97422,77.72034],[81.5457,77.66155],[81.39631,77.60878],[81.34051,77.57629],[81.30545,77.53466],[81.31019,77.50469],[81.3402,77.46731],[81.37532,77.43484],[81.44199,77.40049],[81.55415,77.36021],[81.75103,77.32081],[82.24816,77.27912],[82.79473,77.26597]]],[[[92.86941,77.51485],[92.97785,77.56287],[93.0128,77.5932],[93.02543,77.6278],[93.00983,77.66235],[92.96623,77.69579],[92.8777,77.73337],[92.77193,77.76224],[92.45838,77.82314],[92.15804,77.85179],[91.86195,77.85809],[91.58289,77.84705],[91.22295,77.8004],[91.08302,77.76448],[90.96595,77.7136],[90.93773,77.69042],[90.91972,77.65807],[90.93827,77.59668],[90.99598,77.5485],[91.10392,77.50356],[90.87547,77.5185],[90.58042,77.51987],[90.30682,77.5037],[90.06933,77.47092],[89.78659,77.49491],[89.52023,77.50228],[89.23955,77.49555],[88.96349,77.47336],[88.66159,77.42253],[88.50336,77.37613],[88.39387,77.32452],[88.35582,77.29711],[88.15261,77.26206],[87.98876,77.21652],[87.88345,77.16859],[87.83087,77.12921],[87.80611,77.07776],[87.81772,77.03937],[87.85659,76.99741],[87.93121,76.95183],[88.03329,76.90745],[88.27219,76.842],[88.54324,76.80056],[88.93911,76.77521],[89.40523,76.79014],[89.73999,76.76901],[90.12363,76.78144],[90.3594,76.81097],[90.5505,76.85526],[90.66687,76.90468],[90.69948,76.93153],[90.85912,76.96415],[91.00281,77.01261],[91.06924,77.05413],[91.09126,77.08441],[91.37152,77.12093],[91.52903,77.16076],[91.62256,77.20085],[91.67466,77.24628],[91.68232,77.26797],[91.68072,77.32855],[91.6414,77.37222],[91.54448,77.41903],[91.88796,77.39817],[92.31233,77.41098],[92.61078,77.44978],[92.86941,77.51485]]],[[[93.85666,77.94216],[94.15465,77.95715],[94.32804,77.97569],[94.61941,78.03545],[94.73898,78.08504],[94.77987,78.12105],[94.78758,78.15798],[94.76729,78.19252],[94.77199,78.23469],[94.73978,78.27523],[94.66668,78.31354],[94.55277,78.34903],[94.41834,78.37667],[94.08146,78.41362],[93.69874,78.42171],[93.30549,78.39703],[93.00466,78.34753],[92.78615,78.28169],[92.70918,78.23845],[92.6799,78.19718],[92.67797,78.16472],[92.68677,78.14669],[92.74892,78.09441],[92.83005,78.05848],[92.98982,78.01365],[93.13964,77.98583],[93.39319,77.95626],[93.85666,77.94216]]],[[[77.86759,79.29114],[78.158,79.31788],[78.46805,79.37724],[78.62833,79.4424],[78.65421,79.4637],[78.67099,79.49623],[78.66781,79.51664],[78.62744,79.55848],[78.53775,79.59973],[78.39767,79.6381],[78.22637,79.66957],[77.2142,79.80364],[76.93077,79.82336],[76.55432,79.86378],[76.29372,79.87466],[75.90443,79.87044],[75.4281,79.827],[75.25855,79.79473],[75.11104,79.75261],[75.04181,79.72058],[75.00571,79.69327],[74.98685,79.65922],[74.99661,79.62858],[75.07708,79.56861],[75.36898,79.46909],[75.62411,79.41164],[75.86988,79.38095],[76.13635,79.3276],[76.39409,79.30104],[76.74741,79.28402],[77.47139,79.27885],[77.86759,79.29114]]],[[[36.82318,79.93363],[37.20259,79.94808],[37.58345,79.98987],[37.7497,80.02293],[37.85996,80.05569],[37.90132,80.07327],[37.96434,80.11675],[37.9756,80.13514],[37.96815,80.17205],[37.91373,80.2137],[37.83252,80.24632],[37.66156,80.28982],[37.27522,80.3434],[36.89122,80.36442],[36.33675,80.36217],[35.87125,80.32344],[35.69354,80.29362],[35.55816,80.25808],[35.46185,80.21704],[35.42316,80.17894],[35.42031,80.15959],[35.43523,80.13068],[35.48448,80.09256],[35.57551,80.0568],[35.70451,80.02476],[35.89924,79.99158],[36.26426,79.95063],[36.82318,79.93363]]],[[[79.82711,80.54987],[80.53698,80.59008],[80.86618,80.63502],[81.23105,80.71671],[81.39931,80.79538],[81.41967,80.81694],[81.42674,80.84284],[81.39817,80.8841],[81.28759,80.93589],[81.10476,80.982],[80.92114,81.01141],[80.13933,81.08149],[79.83867,81.09743],[79.49038,81.10216],[78.95523,81.0834],[78.53758,81.05242],[78.18918,81.0136],[77.90175,80.95987],[77.75913,80.92031],[77.69055,80.89113],[77.61255,80.84242],[77.5768,80.79278],[77.5779,80.77465],[77.62368,80.7227],[77.75212,80.67062],[77.94097,80.62809],[78.19186,80.59212],[78.45045,80.56835],[78.95697,80.54647],[79.82711,80.54987]]],[[[97.22067,81.31574],[96.76172,81.40337],[96.50166,81.43766],[96.17851,81.46196],[95.82447,81.47337],[95.44437,81.47145],[94.87376,81.44639],[94.32331,81.39634],[92.62042,81.28782],[92.29926,81.34556],[91.6856,81.40447],[91.23683,81.42437],[90.81205,81.42347],[89.94499,81.3846],[89.3476,81.33076],[89.15564,81.29928],[89.0114,81.26248],[88.92841,81.22726],[88.88329,81.1971],[88.86301,81.17366],[88.85974,81.13801],[88.89328,81.09324],[88.95674,81.05164],[89.03581,81.01925],[89.28029,80.95944],[89.62249,80.9101],[90.10442,80.86646],[90.55566,80.8418],[91.02904,80.83566],[91.54047,80.84934],[90.38207,80.47278],[90.34133,80.45066],[90.31001,80.4164],[90.30437,80.30187],[89.90799,80.13826],[89.8553,80.10879],[89.82836,80.07551],[89.84222,80.0267],[89.87364,80.00268],[90.04027,79.78545],[89.58906,79.65225],[89.51823,79.62433],[89.46826,79.59088],[89.45113,79.55473],[89.45717,79.53488],[89.47401,79.51523],[89.56882,79.46543],[89.71846,79.42375],[89.8951,79.39188],[90.55921,79.31888],[91.42146,79.01155],[91.74436,78.94942],[92.1642,78.89929],[92.46593,78.87377],[92.75876,78.86218],[94.65978,78.84116],[95.402,78.79993],[96.57133,78.71072],[96.86671,78.64964],[96.97437,78.30578],[97.0019,78.26979],[97.06089,78.23541],[97.24217,78.18035],[98.39403,77.93707],[95.98889,77.34905],[95.78025,77.31501],[95.54286,77.25785],[95.33488,77.24269],[94.9793,77.1901],[94.60502,77.10259],[93.82087,76.88946],[93.32375,76.74105],[93.19284,76.6814],[91.67419,76.25925],[91.23439,76.24388],[91.02852,76.2245],[88.95494,75.89439],[88.71868,75.90289],[88.01144,75.90297],[87.65503,75.88336],[87.37105,75.82755],[87.30309,75.80271],[87.21868,75.75436],[85.61179,75.42969],[85.44775,75.37978],[84.62044,75.01],[83.69809,74.80406],[83.57479,74.76378],[83.50258,74.7225],[83.46072,74.66169],[83.48918,74.59154],[83.49086,74.56128],[82.32949,74.33087],[82.05487,74.28698],[81.8823,74.23605],[81.75356,74.17375],[80.2042,73.75931],[77.06041,73.60698],[76.61749,73.67921],[76.28701,73.71378],[75.77031,73.72036],[75.45973,73.70519],[75.17773,73.66496],[74.95235,73.60079],[74.76422,73.51428],[74.71489,73.47616],[74.6818,73.43517],[74.38574,73.30902],[74.13228,73.29671],[73.89544,73.26274],[72.21028,73.33812],[72.10889,73.39703],[71.86856,73.51247],[71.76047,73.55193],[71.39697,73.62968],[71.07158,73.6677],[70.7532,73.67585],[70.19476,73.63704],[69.94138,73.60777],[69.61843,73.54769],[69.47009,73.50825],[69.3768,73.46416],[68.74549,73.00715],[68.61274,72.86191],[68.44709,72.7942],[68.36275,72.73507],[68.32102,72.68322],[68.29266,72.58346],[68.22176,72.50058],[68.18886,72.44724],[68.13516,72.29237],[68.08901,72.19825],[68.04978,72.15073],[68.02005,72.08224],[67.90705,71.90436],[67.81733,71.83073],[67.71426,71.75933],[67.59253,71.69582],[67.49615,71.65882],[67.16073,71.5731],[67.01274,71.51313],[66.81513,71.46989],[66.57427,71.43569],[66.41631,71.38202],[66.34328,71.33327],[66.24969,71.22699],[66.15517,71.16974],[65.96469,70.99644],[65.85321,70.8511],[65.81529,70.70487],[65.84551,70.58425],[65.89512,70.51567],[65.93371,70.4819],[66.0949,70.36976],[66.18581,70.32855],[66.32101,70.28569],[66.38647,70.10996],[64.96504,69.56392],[64.70211,69.64185],[64.40472,69.70632],[63.93884,69.78411],[63.28909,69.87364],[62.85658,69.91268],[62.17983,69.93286],[62.01327,69.94609],[61.61677,70.00541],[61.38216,70.05224],[60.66971,70.12287],[60.60969,70.15049],[60.52681,70.20692],[60.45671,70.23494],[60.24374,70.28217],[60.06675,70.33697],[59.83929,70.46958],[59.68049,70.52223],[59.62385,70.55924],[59.47351,70.61256],[59.34926,70.64103],[58.06493,70.85305],[57.90705,70.92278],[57.77652,70.96193],[57.44651,71.01594],[57.35817,71.05969],[57.12974,71.13844],[56.89768,71.24518],[56.75156,71.29219],[56.6873,71.3374],[56.61693,71.41917],[56.29471,71.67458],[56.18809,71.8292],[56.19433,71.8439],[56.17839,71.89082],[56.10747,71.96728],[56.10895,72.0265],[56.20987,72.12616],[56.22733,72.1563],[56.22958,72.18689],[56.21377,72.23467],[56.25722,72.38268],[56.83439,72.75898],[57.07385,72.95284],[57.33246,73.1329],[57.65725,73.25798],[57.78476,73.32148],[58.20158,73.50068],[58.88994,73.88943],[59.15687,74.00565],[59.30907,74.08351],[60.07043,74.2543],[60.18409,74.3046],[60.2674,74.36211],[60.497,74.49045],[60.89319,74.62212],[61.62275,74.91908],[62.10475,75.08705],[62.64368,75.23725],[62.82949,75.26692],[62.97475,75.30554],[63.18335,75.33083],[63.32645,75.36255],[64.18407,75.43732],[64.63194,75.53486],[64.96818,75.56033],[65.24972,75.60054],[65.55879,75.62328],[66.02829,75.72234],[66.28202,75.75003],[66.4937,75.78942],[66.80731,75.80975],[67.04965,75.85145],[67.56299,75.9115],[68.3623,76.04959],[68.63755,76.06506],[68.91392,76.11116],[69.04655,76.15497],[69.74455,76.46122],[69.78944,76.49574],[69.94814,76.67316],[69.95723,76.69494],[69.94417,76.73853],[69.85268,76.82756],[69.7991,76.86333],[69.6132,76.95589],[69.35304,77.06032],[69.16361,77.1084],[68.86895,77.15225],[67.96324,77.23761],[67.7963,77.24278],[67.49117,77.23403],[67.17927,77.20368],[66.50449,77.09623],[65.45605,76.88836],[65.20292,76.81563],[65.07601,76.75505],[64.8594,76.70167],[64.57226,76.66365],[63.71666,76.58812],[63.30447,76.50679],[62.69904,76.46389],[61.69541,76.4978],[60.82781,76.47741],[60.62618,76.45927],[59.74064,76.33584],[58.70588,76.24224],[58.44041,76.18889],[58.25979,76.12214],[58.05271,75.98465],[57.90816,75.92312],[56.5217,75.533],[56.25224,75.47922],[56.04466,75.41071],[55.52244,75.34454],[55.37361,75.31291],[55.22102,75.26653],[55.09193,75.20193],[55.04468,75.16792],[54.97781,75.07609],[54.97378,75.05145],[54.98306,75.02418],[55.06624,74.94093],[55.04288,74.81707],[54.87037,74.65982],[54.83091,74.59187],[54.6723,74.48033],[54.63667,74.44482],[54.42008,74.32534],[54.36139,74.25516],[54.13547,74.18375],[53.9841,74.12629],[53.93015,74.0967],[53.7835,74.05059],[53.22315,73.94222],[53.112,73.90496],[53.05759,73.87645],[52.97962,73.80089],[52.96529,73.77204],[52.96309,73.73664],[52.98181,73.69694],[53.01188,73.66571],[53.07145,73.62961],[53.19101,73.58582],[53.29526,73.55962],[53.30302,73.4864],[53.05758,73.39915],[52.90941,73.36335],[52.69084,73.27671],[51.90604,72.88375],[51.76408,72.77884],[51.23691,72.246],[51.03667,72.17778],[50.96956,72.141],[50.93547,72.10961],[50.88465,72.02702],[50.84298,71.91731],[50.80601,71.87844],[50.79476,71.84511],[50.80022,71.78973],[50.81831,71.74012],[50.9032,71.62046],[50.94825,71.58051],[50.9602,71.53746],[51.0374,71.46102],[51.09255,71.4274],[51.76268,71.13883],[52.58397,70.81048],[53.10583,70.64527],[53.62745,70.52023],[54.40896,70.45848],[55.00715,70.32025],[55.1505,70.29614],[56.21013,70.2651],[56.49275,70.24409],[56.99703,70.25517],[57.89717,70.0709],[58.14696,69.92586],[58.66856,69.71534],[59.19434,69.55518],[59.62584,69.48529],[59.66089,69.46958],[59.71327,69.41296],[60.08123,69.19127],[60.08244,69.1324],[60.10801,69.08109],[60.13296,69.05374],[60.20594,69.00343],[60.31115,68.95841],[60.23021,68.89903],[60.07516,68.96066],[60.08651,69.00615],[60.07454,69.04332],[60.04227,69.08221],[59.97129,69.14364],[59.86603,69.19693],[59.84219,69.25437],[59.81154,69.29569],[59.74552,69.34404],[59.6782,69.37836],[59.45824,69.44782],[59.2377,69.48986],[59.09634,69.5445],[58.9881,69.60802],[58.87548,69.64426],[58.6584,69.67575],[58.50953,69.68014],[58.28641,69.66765],[58.09505,69.62601],[58.02101,69.59617],[57.96545,69.56182],[57.90864,69.49518],[57.90051,69.46579],[57.90882,69.42639],[57.93898,69.38833],[57.98971,69.35309],[58.13326,69.2996],[58.18788,69.26583],[58.35744,69.19162],[58.51846,69.13801],[57.62956,68.96766],[57.21811,68.92926],[56.67072,69.00796],[55.92469,69.0555],[55.81259,69.08727],[55.56994,69.12496],[54.72184,69.18329],[54.44849,69.18964],[54.15638,69.18309],[53.70592,69.14995],[53.3111,69.09671],[53.05912,69.04767],[52.53022,68.9183],[51.90684,68.74078],[51.73491,68.70493],[51.58877,68.6862],[51.05779,68.68289],[50.75498,68.63774],[50.54225,68.57389],[50.25598,68.43505],[49.93995,68.32143],[49.47532,68.1702],[49.02041,68.05159],[48.82431,68.10057],[48.61936,68.11372],[47.11129,68.03299],[47.07388,68.06199],[47.08535,68.12207],[47.06944,68.16449],[46.8819,68.39802],[46.8237,68.44511],[46.74473,68.48438],[46.36471,68.58712],[45.97024,68.66478],[45.68083,68.71031],[45.37417,68.73544],[44.76577,68.75175],[44.18796,68.7352],[44.02071,68.78682],[43.65759,68.85231],[43.49244,68.86736],[43.24279,68.86547],[43.12005,68.85489],[41.3126,68.59766],[41.71519,68.06996],[42.5057,66.99024],[42.31571,66.8619],[41.5639,66.609],[39.72967,65.91496],[38.29074,65.69181],[36.08788,65.79585],[36.01893,65.79],[35.04824,66.0983],[34.00032,66.41017],[33.54694,66.50435],[33.55807,66.51317],[33.48233,66.56828],[33.31559,66.64663],[33.27597,66.65445],[33.26994,66.66341],[33.08678,66.68735],[33.03576,66.70302],[33.03556,66.74289],[33.9595,66.59858],[34.42569,66.47922],[34.90976,66.39952],[35.35807,66.25652],[35.70599,66.18165],[36.03466,66.15498],[36.83364,66.17721],[37.42497,66.07034],[38.03418,66.0022],[38.32572,65.99996],[38.75289,66.01321],[39.1504,66.05859],[40.07693,66.20656],[40.77137,66.45915],[41.30424,66.80576],[41.42308,66.94397],[41.51661,67.09019],[41.50051,67.14339],[41.40477,67.24521],[41.25339,67.28696],[41.25172,67.39975],[41.13195,67.5445],[41.12676,67.59255],[41.11143,67.6306],[41.03477,67.68328],[40.95392,67.72272],[40.77784,67.75595],[40.37176,67.88702],[40.29518,67.92641],[40.04343,67.99765],[40.02863,67.98801],[39.94564,68.08848],[39.80482,68.15137],[39.12642,68.26552],[38.68756,68.38106],[38.306,68.4286],[37.99972,68.55456],[37.8133,68.6861],[36.47077,69.0637],[35.7897,69.2154],[35.7174,69.21458],[35.21848,69.26384],[34.92365,69.23937],[34.39198,69.32022],[34.40729,69.32737],[34.40575,69.33515],[34.20566,69.37987],[34.06775,69.38813],[33.97895,69.36267],[33.96213,69.34203],[33.98533,69.33458],[33.58483,69.30826],[33.53226,69.2928],[33.53802,69.14847],[33.51416,69.12413],[33.26589,69.06405],[33.15813,69.0626],[33.07162,69.04988],[33.02659,68.98962],[33.02134,69.0172],[33.03407,69.04079],[33.04538,69.04437],[33.03171,69.05234],[33.04842,69.06628],[33.28168,69.08176],[33.4711,69.1297],[33.48921,69.14594],[33.50929,69.19173],[33.47235,69.2776],[33.48099,69.35121],[33.69364,69.39672],[33.66185,69.43142],[33.41524,69.4275],[33.51902,69.49213],[33.94653,69.70401],[33.46124,69.89442],[32.30406,70.12616],[32.05354,70.15003],[31.88927,70.15207],[31.44081,70.09827],[31.10434,69.9793],[30.81765,69.79484],[30.85281,69.76944],[30.85071,69.76133],[30.86726,69.75861],[30.86216,69.7527],[30.87254,69.75556],[30.87266,69.74167],[30.89032,69.73729],[30.89043,69.71992],[30.8741,69.7149],[30.94476,69.68354],[30.94645,69.67444],[30.92295,69.66901],[30.95448,69.63243],[30.94954,69.60194],[30.93849,69.5964],[30.9475,69.59062],[30.9388,69.56074],[30.81641,69.52871],[30.51607,69.5405],[30.41772,69.58992],[30.22402,69.65313],[30.15166,69.66938],[30.08533,69.65811],[30.09129,69.64284],[30.13781,69.64354],[30.15218,69.60981],[30.17989,69.58605],[30.1881,69.56583],[30.17722,69.53698],[30.11947,69.51366],[30.1151,69.46834],[30.03516,69.42495],[29.94758,69.40511],[29.91497,69.41867],[29.85219,69.42303],[29.7878,69.39765],[29.72312,69.38919],[29.69508,69.36345],[29.57299,69.31852],[29.54262,69.31744],[29.52022,69.32878],[29.39054,69.32222],[29.29077,69.29691],[29.27649,69.27501],[29.27961,69.25369],[29.31409,69.23368],[29.30054,69.21675],[29.3054,69.20961],[29.29347,69.20612],[29.28894,69.17882],[29.24977,69.16107],[29.258,69.15437],[29.23229,69.12284],[29.24223,69.11306],[29.0567,69.01522],[29.04147,69.01083],[29.01988,69.02518],[28.92945,69.05194],[28.49537,68.93004],[28.41578,68.91545],[28.46808,68.88551],[28.66118,68.88647],[28.80145,68.86937],[28.70721,68.73256],[28.43412,68.53979],[28.64784,68.19591],[29.32713,68.07452],[29.65939,67.80297],[30.01734,67.67357],[29.93051,67.52282],[29.83806,67.47822],[29.71436,67.39882],[29.71562,67.39228],[29.61698,67.3452],[29.64454,67.33592],[29.61144,67.3264],[29.58446,67.33068],[29.56606,67.32242],[29.57995,67.3157],[29.57121,67.31071],[29.52271,67.30992],[29.50445,67.28539],[29.51536,67.28079],[29.48661,67.26011],[29.07325,66.99615],[29.04056,66.96182],[29.03312,66.92547],[29.06075,66.85269],[29.11942,66.80137],[29.10556,66.79007],[29.14965,66.78029],[29.35765,66.64108],[29.3602,66.6256],[29.38682,66.60808],[29.3764,66.60376],[29.41659,66.5925],[29.41101,66.58335],[29.47268,66.54345],[29.52429,66.4907],[29.70661,66.27465],[29.69664,66.26849],[29.70949,66.2682],[29.92394,66.12625],[29.99234,66.02264],[29.99727,65.97889],[30.02417,65.96685],[30.0682,65.89518],[30.13343,65.70235],[30.13846,65.66869],[30.01709,65.69653],[29.72243,65.63705],[29.75449,65.60929],[29.86375,65.56047],[29.75481,65.49758],[29.73312,65.47264],[29.72776,65.39971],[29.74676,65.34739],[29.60497,65.27365],[29.60185,65.25994],[29.63479,65.2313],[29.76408,65.22892],[29.88576,65.20631],[29.89353,65.19296],[29.81934,65.14446],[29.85038,65.12858],[29.86434,65.13175],[29.85295,65.1273],[29.89692,65.10516],[29.8309,65.09195],[29.73281,65.0913],[29.62555,65.06021],[29.61448,65.01291],[29.59935,64.9951],[29.61905,64.95958],[29.61094,64.92743],[29.64704,64.86745],[29.6985,64.83703],[29.68767,64.81876],[29.73966,64.78976],[30.043,64.79286],[30.0869,64.77419],[30.0912,64.76498],[30.04162,64.74111],[30.05471,64.71236],[30.13657,64.64888],[30.13045,64.63424],[30.05163,64.61498],[29.98941,64.58762],[29.99744,64.57731],[29.98696,64.5339],[30.0146,64.50434],[30.0297,64.50063],[30.02441,64.48296],[30.04593,64.47212],[30.05833,64.45087],[30.04489,64.40201],[30.1099,64.36505],[30.21015,64.35047],[30.36693,64.29968],[30.36078,64.28132],[30.38828,64.26906],[30.48244,64.26234],[30.5096,64.22169],[30.4664,64.20443],[30.51589,64.15497],[30.55343,64.13224],[30.55358,64.10168],[30.52802,64.04888],[30.49269,64.01759],[30.32091,63.90953],[30.26042,63.822],[29.97189,63.75717],[30.24572,63.60697],[30.25859,63.58368],[30.38562,63.54578],[30.4842,63.46709],[30.78971,63.40509],[30.84999,63.36857],[30.93304,63.35592],[30.97987,63.30782],[31.01852,63.30402],[31.13879,63.26498],[31.16533,63.24423],[31.23983,63.21893],[31.23904,63.19521],[31.25473,63.17914],[31.25596,63.14201],[31.27322,63.10756],[31.3641,63.07085],[31.39053,63.04809],[31.42543,63.04315],[31.46252,63.02422],[31.44879,63.00613],[31.50203,62.99625],[31.5867,62.90872],[31.4547,62.79627],[31.46749,62.78328],[31.43906,62.78538],[31.38013,62.68985],[31.38623,62.67521],[31.37637,62.67124],[31.37303,62.64971],[31.34596,62.64352],[31.22183,62.4983],[31.18583,62.49357],[31.1734,62.48189],[31.16341,62.44549],[31.13831,62.44208],[30.94244,62.333],[30.96225,62.32725],[30.94327,62.30597],[30.90435,62.31026],[30.81096,62.27069],[30.80866,62.261],[30.72041,62.20891],[30.65641,62.20859],[30.62912,62.18911],[30.63558,62.17363],[30.60207,62.14135],[30.44468,62.03229],[30.33745,61.9731],[30.30611,61.96455],[30.31273,61.94501],[30.30072,61.93497],[30.27418,61.93364],[30.21143,61.89271],[30.19409,61.89128],[30.19621,61.88221],[30.15566,61.85799],[30.07139,61.81868],[30.03873,61.765],[29.81855,61.65493],[29.81032,61.63499],[29.75461,61.60314],[29.7403,61.5737],[29.60733,61.50047],[29.49646,61.49157],[29.50307,61.46134],[29.32812,61.35199],[29.23999,61.26801],[29.02989,61.19182],[28.95838,61.15145],[28.81898,61.12165],[28.80427,61.09349],[28.71369,61.04433],[28.68389,60.9787],[28.65547,60.94953],[28.52467,60.95714],[28.48399,60.92496],[28.46452,60.92287],[28.33565,60.85414],[28.32423,60.85791],[28.31191,60.84127],[28.22049,60.78279],[28.17428,60.77862],[28.13546,60.74087],[27.87341,60.60456],[27.83844,60.57846],[27.84739,60.56144],[27.77361,60.53333],[27.77581,60.50743],[27.74745,60.46897],[27.74714,60.45092],[27.68611,60.43333],[27.725,60.39139],[27.51418,60.25731],[27.45509,60.22353],[27.29389,60.2004],[26.87246,60.11526],[26.44017,59.93838],[26.915,59.63167],[27.85721,59.58216],[28.04588,59.4655],[28.08659,59.45867],[28.12566,59.43704],[28.13905,59.41939],[28.19123,59.40065],[28.20857,59.38374],[28.20299,59.3749],[28.21002,59.37037],[28.19191,59.34718],[28.16784,59.33379],[28.1312,59.29097],[28.04644,59.29011],[27.95783,59.27198],[27.90433,59.24127],[27.88766,59.18386],[27.86486,59.16089],[27.80871,59.12973],[27.80977,59.10722],[27.78808,59.0912],[27.79215,59.07004],[27.77314,59.0584],[27.76808,59.03312],[27.74483,59.02681],[27.74591,58.98515],[27.73109,58.97275],[27.35734,58.78722],[27.55299,58.36627],[27.48833,58.30398],[27.49097,58.22463],[27.59027,58.11856],[27.63446,58.09715],[27.60803,58.05431],[27.61801,58.01354],[27.65393,57.99541],[27.64913,58.0189],[27.65757,58.01857],[27.69857,57.99899],[27.67863,57.97444],[27.68446,57.96002],[27.65637,57.95533],[27.68098,57.93544],[27.67889,57.9237],[27.71823,57.92],[27.71916,57.91211],[27.69491,57.90745],[27.70543,57.90013],[27.73014,57.90593],[27.81899,57.89056],[27.80867,57.88531],[27.81672,57.8821],[27.80951,57.87244],[27.81563,57.86179],[27.77632,57.83346],[27.75632,57.83703],[27.74093,57.82772],[27.70811,57.84095],[27.70805,57.84845],[27.68597,57.8352],[27.62201,57.84097],[27.54922,57.83335],[27.55434,57.82704],[27.54304,57.81683],[27.55414,57.81427],[27.53225,57.80674],[27.53623,57.79417],[27.49432,57.7889],[27.51249,57.77568],[27.50783,57.76355],[27.52781,57.75417],[27.51131,57.75072],[27.52731,57.75166],[27.52786,57.74137],[27.54546,57.73334],[27.52664,57.73106],[27.52559,57.70941],[27.49703,57.70808],[27.49257,57.72288],[27.46948,57.70875],[27.447,57.71741],[27.42682,57.69981],[27.41109,57.70048],[27.37631,57.66866],[27.38501,57.65508],[27.37842,57.64431],[27.401,57.63286],[27.3888,57.61601],[27.40476,57.61257],[27.37772,57.59607],[27.3566,57.59779],[27.31746,57.57998],[27.33046,57.57054],[27.35159,57.51807],[27.37443,57.53543],[27.41508,57.52264],[27.50064,57.54022],[27.55635,57.53777],[27.54692,57.51927],[27.56729,57.50933],[27.55574,57.49768],[27.54689,57.45925],[27.53665,57.46092],[27.51734,57.42696],[27.56031,57.41102],[27.59659,57.41668],[27.62394,57.40157],[27.67127,57.39502],[27.68193,57.37325],[27.77942,57.34332],[27.77339,57.33155],[27.78223,57.32041],[27.82371,57.323],[27.86731,57.29721],[27.86066,57.26297],[27.87052,57.24766],[27.84381,57.23026],[27.84126,57.21077],[27.82874,57.2086],[27.83331,57.16663],[27.81827,57.14326],[27.73663,57.11871],[27.73646,57.11083],[27.75334,57.1073],[27.75239,57.0983],[27.71517,57.09765],[27.76873,57.08561],[27.74004,57.06758],[27.74881,57.05354],[27.72792,57.03838],[27.7154,57.00629],[27.76852,57.0025],[27.74289,56.95686],[27.73765,56.92024],[27.6863,56.91583],[27.67217,56.89575],[27.67057,56.86989],[27.6554,56.85319],[27.65944,56.83437],[27.69223,56.83722],[27.7298,56.85674],[27.82417,56.86731],[27.84733,56.88013],[27.87396,56.87742],[27.87101,56.86633],[27.90259,56.82242],[27.96891,56.83572],[27.97633,56.81169],[27.94376,56.80267],[27.94435,56.7765],[27.91497,56.7732],[27.89848,56.75238],[27.91434,56.7502],[27.91748,56.73368],[27.96287,56.70666],[27.98077,56.70697],[27.97854,56.68862],[27.99469,56.68882],[28.01273,56.67244],[28.01144,56.63669],[28.04321,56.59038],[28.12479,56.58268],[28.14353,56.57177],[28.14174,56.55197],[28.10312,56.54168],[28.09258,56.52962],[28.09468,56.51689],[28.10318,56.5082],[28.13373,56.50949],[28.12963,56.49073],[28.19277,56.44857],[28.18259,56.42797],[28.19512,56.40497],[28.16306,56.37957],[28.19376,56.35787],[28.20621,56.32278],[28.24149,56.27855],[28.21797,56.24846],[28.18541,56.2304],[28.18682,56.21946],[28.20388,56.21468],[28.17488,56.20523],[28.1866,56.20025],[28.17951,56.1799],[28.15032,56.16999],[28.15743,56.14318],[28.19505,56.13884],[28.23947,56.11863],[28.24795,56.1134],[28.24309,56.08581],[28.2627,56.08339],[28.27791,56.09512],[28.29117,56.06897],[28.32061,56.05817],[28.37619,56.06022],[28.39493,56.07904],[28.37159,56.09611],[28.37834,56.11153],[28.42283,56.09833],[28.42009,56.08795],[28.46706,56.10514],[28.54913,56.11576],[28.6199,56.09936],[28.6353,56.10702],[28.68127,56.10463],[28.68749,56.10153],[28.67941,56.09387],[28.66207,56.083],[28.64536,56.08564],[28.63641,56.07445],[28.65731,56.05923],[28.6579,56.04569],[28.69994,56.02641],[28.70356,56.00078],[28.73383,55.96701],[28.80997,55.9719],[28.84902,55.95388],[28.85807,55.98854],[28.91692,55.99152],[28.92579,56.00084],[28.94025,55.99483],[28.93976,56.011],[29.00357,56.01239],[29.01208,56.02593],[29.08815,56.0341],[29.11399,56.01601],[29.13271,56.02735],[29.15578,56.0267],[29.2153,55.98814],[29.25584,55.99702],[29.30543,55.99142],[29.35756,55.9715],[29.42261,55.96893],[29.44991,55.95846],[29.42242,55.94537],[29.46371,55.93409],[29.47916,55.91896],[29.39543,55.9034],[29.42525,55.87256],[29.40362,55.87238],[29.39588,55.86114],[29.38383,55.83309],[29.38903,55.82026],[29.36045,55.79851],[29.36978,55.7801],[29.35847,55.76462],[29.45326,55.73251],[29.45736,55.71884],[29.47907,55.70845],[29.51529,55.70158],[29.57783,55.73356],[29.58501,55.75878],[29.62282,55.78032],[29.63489,55.77423],[29.66403,55.78857],[29.74539,55.80239],[29.76303,55.79478],[29.76917,55.77888],[29.80634,55.78342],[29.83852,55.80394],[29.83878,55.81767],[29.87768,55.84144],[29.86372,55.84911],[29.89516,55.86272],[29.94093,55.85173],[29.97139,55.85686],[29.96404,55.86331],[29.97579,55.87149],[29.9971,55.87031],[30.05143,55.85475],[30.06201,55.84035],[30.07557,55.84761],[30.10698,55.83125],[30.12889,55.83205],[30.14276,55.85077],[30.165,55.84982],[30.16958,55.86355],[30.15671,55.87471],[30.16564,55.879],[30.18046,55.86248],[30.27709,55.87014],[30.28479,55.8647],[30.28673,55.83164],[30.33948,55.83525],[30.36635,55.80892],[30.40019,55.81698],[30.41683,55.80957],[30.4815,55.81272],[30.51173,55.79931],[30.51789,55.78877],[30.49288,55.78292],[30.52628,55.75268],[30.58169,55.75113],[30.62904,55.73057],[30.65134,55.69828],[30.63949,55.68981],[30.64147,55.67579],[30.67186,55.67381],[30.65658,55.65914],[30.67569,55.65902],[30.67258,55.63611],[30.69697,55.64415],[30.69816,55.65761],[30.73227,55.66197],[30.75922,55.6057],[30.75078,55.59724],[30.76477,55.59035],[30.80949,55.59052],[30.81699,55.60304],[30.83265,55.59892],[30.83442,55.61423],[30.85623,55.62119],[30.83814,55.62898],[30.92513,55.62263],[30.93537,55.6146],[30.93527,55.58687],[30.95501,55.54241],[30.91364,55.53194],[30.9139,55.52207],[30.92815,55.52104],[30.93029,55.51117],[30.94608,55.51323],[30.94093,55.50679],[30.95862,55.49709],[30.91819,55.47684],[30.89244,55.47684],[30.91192,55.45975],[30.90549,55.44053],[30.93355,55.39581],[30.92214,55.3765],[30.90016,55.37487],[30.86371,55.34447],[30.83059,55.33418],[30.81892,55.31622],[30.81983,55.282],[30.87562,55.28054],[30.88121,55.26516],[30.90856,55.25181],[30.90528,55.24035],[30.91863,55.22874],[30.92352,55.20066],[30.96091,55.19349],[30.96462,55.1712],[30.98533,55.17178],[30.99247,55.16296],[30.97297,55.14438],[31.00376,55.14098],[30.98993,55.11999],[31.0024,55.11603],[30.98561,55.10577],[30.9903,55.07685],[31.00666,55.06379],[31.02789,55.06231],[31.0108,55.0396],[31.0164,55.02948],[30.98856,55.02546],[30.94503,55.0378],[30.91036,55.01849],[30.96235,54.98525],[30.96377,54.9793],[30.93558,54.97565],[30.94376,54.95847],[30.91473,54.96184],[30.90207,54.95879],[30.90841,54.94901],[30.8346,54.94851],[30.81871,54.94022],[30.83476,54.90752],[30.81416,54.89387],[30.8218,54.8798],[30.79193,54.87456],[30.75451,54.80504],[30.8321,54.78873],[30.89605,54.7544],[30.95338,54.74323],[30.97781,54.71291],[30.98961,54.72139],[31.01213,54.71707],[31.02544,54.70582],[30.98399,54.69117],[30.99126,54.67227],[31.06709,54.66454],[31.07035,54.67373],[31.0937,54.66133],[31.10982,54.66936],[31.1756,54.67064],[31.19781,54.65909],[31.20624,54.62634],[31.1695,54.59029],[31.14504,54.58102],[31.13182,54.56248],[31.13362,54.54841],[31.09835,54.53218],[31.09552,54.5133],[31.0847,54.51012],[31.10873,54.49167],[31.1671,54.47382],[31.20198,54.47983],[31.20495,54.46678],[31.23259,54.46627],[31.23542,54.43434],[31.26946,54.40118],[31.24924,54.37803],[31.29861,54.36831],[31.31867,54.34044],[31.2858,54.31967],[31.32022,54.31194],[31.31112,54.30568],[31.32039,54.29589],[31.30898,54.26988],[31.31782,54.24414],[31.33644,54.24877],[31.38288,54.23246],[31.38485,54.22328],[31.4106,54.22233],[31.37901,54.21306],[31.43223,54.20826],[31.47876,54.17973],[31.49101,54.18523],[31.49943,54.17831],[31.49514,54.1589],[31.55325,54.15084],[31.56346,54.13711],[31.63024,54.13376],[31.65481,54.14184],[31.64786,54.13605],[31.67467,54.12029],[31.67712,54.10273],[31.72762,54.11509],[31.72712,54.10576],[31.7362,54.10451],[31.77429,54.11275],[31.768,54.09016],[31.75336,54.07844],[31.78579,54.07611],[31.82348,54.09684],[31.82063,54.08922],[31.83832,54.08167],[31.89479,54.08682],[31.88171,54.06947],[31.89189,54.0602],[31.88481,54.057],[31.89909,54.0525],[31.85383,54.00441],[31.89094,53.99399],[31.89175,53.96617],[31.84477,53.95019],[31.85683,53.9171],[31.84126,53.91744],[31.84542,53.90683],[31.83098,53.90559],[31.83024,53.88253],[31.79869,53.8758],[31.81814,53.87295],[31.8176,53.86463],[31.83834,53.8655],[31.81189,53.85333],[31.78955,53.85558],[31.78136,53.8425],[31.79429,53.83951],[31.78995,53.8339],[31.75656,53.8326],[31.77431,53.81124],[31.76122,53.79616],[31.81138,53.80656],[31.80829,53.8004],[31.89812,53.77443],[31.90608,53.78693],[31.95023,53.78332],[31.98969,53.80413],[32.04833,53.7985],[32.04283,53.80568],[32.0805,53.80348],[32.12684,53.81849],[32.17742,53.79272],[32.20805,53.79957],[32.2297,53.76598],[32.28484,53.77593],[32.2907,53.76997],[32.27236,53.7585],[32.31442,53.76078],[32.34387,53.75057],[32.35632,53.73921],[32.35804,53.72059],[32.36917,53.7174],[32.39512,53.72984],[32.46068,53.73765],[32.46254,53.721],[32.49876,53.70691],[32.49895,53.68113],[32.45463,53.66816],[32.42902,53.67131],[32.415,53.66496],[32.4139,53.65066],[32.42106,53.64766],[32.41836,53.63498],[32.43213,53.63091],[32.43191,53.65195],[32.4498,53.63735],[32.4258,53.60744],[32.45916,53.57502],[32.48181,53.56737],[32.47792,53.54888],[32.55117,53.52719],[32.54227,53.51679],[32.6033,53.51287],[32.60424,53.47881],[32.6251,53.475],[32.64707,53.50412],[32.68705,53.48139],[32.66038,53.47896],[32.65591,53.46986],[32.75711,53.45818],[32.74879,53.44522],[32.76278,53.42428],[32.73926,53.42256],[32.73986,53.4084],[32.75548,53.39707],[32.73891,53.39613],[32.74209,53.38729],[32.72295,53.37407],[32.73926,53.34806],[32.7335,53.33253],[32.69428,53.33141],[32.6857,53.3418],[32.62673,53.33047],[32.61652,53.34034],[32.61017,53.33373],[32.61558,53.32051],[32.59333,53.3117],[32.58331,53.29052],[32.54218,53.30298],[32.52193,53.29656],[32.52254,53.30669],[32.48846,53.30352],[32.51009,53.29468],[32.50949,53.28163],[32.44831,53.20825],[32.43321,53.20605],[32.41435,53.1861],[32.37878,53.19163],[32.35774,53.18512],[32.33889,53.17179],[32.34413,53.15883],[32.33262,53.14434],[32.30222,53.12766],[32.24524,53.12917],[32.23565,53.1187],[32.23607,53.09917],[32.18757,53.10886],[32.17692,53.10467],[32.17316,53.08876],[32.09475,53.07619],[32.01804,53.09085],[32.01906,53.10012],[31.99259,53.09329],[31.99258,53.08534],[31.93467,53.08306],[31.91348,53.08887],[31.91743,53.10654],[31.82605,53.113],[31.79771,53.14156],[31.79063,53.17715],[31.74546,53.19955],[31.72862,53.19372],[31.62835,53.23108],[31.58664,53.19597],[31.56401,53.19228],[31.40184,53.21185],[31.41841,53.18764],[31.41489,53.17829],[31.39858,53.17091],[31.39446,53.15615],[31.36356,53.14396],[31.36553,53.12673],[31.39879,53.10969],[31.38917,53.10785],[31.3912,53.09649],[31.33478,53.09123],[31.33061,53.04181],[31.26349,53.04276],[31.2434,53.03435],[31.24091,53.0268],[31.35534,52.98408],[31.37824,52.95299],[31.37507,52.92715],[31.43942,52.88132],[31.48081,52.86054],[31.53342,52.86003],[31.53823,52.84338],[31.51943,52.83153],[31.56492,52.79772],[31.58698,52.79377],[31.59496,52.77],[31.58887,52.75798],[31.60063,52.74605],[31.59285,52.73448],[31.57507,52.72759],[31.55891,52.70622],[31.49995,52.69343],[31.56974,52.6351],[31.56419,52.59425],[31.57972,52.59441],[31.63042,52.56276],[31.67362,52.56114],[31.63925,52.54117],[31.62363,52.55327],[31.61024,52.54915],[31.61273,52.5386],[31.59522,52.53216],[31.59428,52.51628],[31.55763,52.51765],[31.5796,52.49534],[31.60509,52.50443],[31.62612,52.4925],[31.60732,52.46684],[31.5796,52.45929],[31.61084,52.45345],[31.60988,52.44081],[31.59666,52.43986],[31.60249,52.42328],[31.59409,52.4149],[31.62164,52.41834],[31.63256,52.39818],[31.62419,52.33347],[31.58183,52.32822],[31.62681,52.29011],[31.62964,52.29784],[31.64912,52.28007],[31.71221,52.266],[31.69659,52.25673],[31.71023,52.23827],[31.70328,52.23561],[31.70929,52.21484],[31.68826,52.19446],[31.70835,52.18635],[31.73736,52.19278],[31.78104,52.18557],[31.78422,52.13528],[31.7928,52.12601],[31.7817,52.11198],[31.81118,52.09837],[31.84664,52.11],[31.89329,52.10507],[31.96099,52.07472],[31.94289,52.05694],[31.92119,52.05688],[31.92805,52.04624],[31.91657,52.04221],[31.97207,52.05195],[32.09632,52.03363],[32.10169,52.04524],[32.13396,52.04339],[32.13005,52.04896],[32.14714,52.05766],[32.14729,52.06924],[32.19952,52.06612],[32.22462,52.08719],[32.29066,52.10304],[32.29421,52.12],[32.31799,52.12193],[32.32027,52.1362],[32.3679,52.1465],[32.36522,52.15532],[32.3239,52.15154],[32.34687,52.18247],[32.32454,52.22341],[32.3467,52.24413],[32.36088,52.23836],[32.4015,52.24604],[32.38294,52.26975],[32.39486,52.27819],[32.3703,52.27495],[32.35189,52.31622],[32.35516,52.32735],[32.37683,52.33731],[32.40107,52.33804],[32.43381,52.32203],[32.45989,52.32683],[32.48968,52.31438],[32.50171,52.32729],[32.55003,52.32687],[32.57722,52.30019],[32.6079,52.30468],[32.68512,52.26631],[32.70059,52.2479],[32.75659,52.2668],[32.76285,52.25549],[32.79924,52.26539],[32.81705,52.25894],[32.83302,52.27829],[32.8844,52.27337],[32.87913,52.25883],[32.88756,52.2451],[32.90685,52.24599],[32.96156,52.27321],[32.99574,52.27186],[32.99703,52.28807],[33.04482,52.30706],[33.05992,52.32955],[33.07378,52.32411],[33.07415,52.31477],[33.0606,52.31006],[33.06699,52.30259],[33.13396,52.34501],[33.16956,52.34085],[33.1699,52.37283],[33.18866,52.37915],[33.30638,52.35014],[33.35121,52.35309],[33.38056,52.37164],[33.41669,52.35995],[33.41103,52.3487],[33.44663,52.34188],[33.43896,52.35276],[33.45452,52.36497],[33.50962,52.35827],[33.52047,52.34346],[33.48987,52.32948],[33.48247,52.31364],[33.56051,52.30193],[33.56383,52.31331],[33.5439,52.32362],[33.58175,52.31088],[33.57688,52.318],[33.60535,52.33348],[33.65643,52.33926],[33.70753,52.3627],[33.72706,52.35341],[33.78811,52.3663],[33.83647,52.36139],[33.8553,52.33287],[33.83933,52.32005],[33.87562,52.30609],[33.92209,52.30455],[33.94439,52.28294],[33.93684,52.24979],[34.00082,52.22703],[33.99884,52.21099],[34.01634,52.2019],[34.05283,52.20139],[34.06509,52.18314],[34.05397,52.1724],[34.05931,52.1666],[34.11628,52.14108],[34.11081,52.12276],[34.08717,52.10885],[34.09968,52.09331],[34.09401,52.08517],[34.06265,52.07306],[34.08084,52.07069],[34.10118,52.04084],[34.09163,52.03048],[34.09692,52.00426],[34.13972,51.99972],[34.12926,51.98465],[34.14293,51.96798],[34.18959,51.96894],[34.20343,51.94098],[34.22581,51.9282],[34.21912,51.92039],[34.26149,51.90928],[34.25809,51.88857],[34.24561,51.88164],[34.30286,51.88717],[34.41537,51.8253],[34.4092,51.78234],[34.43665,51.76415],[34.44035,51.74368],[34.42139,51.72205],[34.365,51.71263],[34.30945,51.72023],[34.29021,51.70495],[34.23391,51.69685],[34.21307,51.70287],[34.205,51.69384],[34.19106,51.69754],[34.15913,51.68596],[34.1277,51.68912],[34.08077,51.6657],[34.10538,51.66677],[34.11208,51.64902],[34.13023,51.64301],[34.16726,51.64566],[34.18233,51.59676],[34.211,51.60038],[34.21629,51.57434],[34.23745,51.58481],[34.25721,51.55957],[34.25026,51.55463],[34.25987,51.53328],[34.29517,51.5328],[34.30841,51.5192],[34.28961,51.5096],[34.29599,51.48183],[34.24473,51.45646],[34.25528,51.4397],[34.22239,51.42876],[34.22078,51.41715],[34.22809,51.39961],[34.24936,51.40136],[34.2721,51.38271],[34.2925,51.38804],[34.28541,51.37468],[34.3057,51.37907],[34.3367,51.36557],[34.33109,51.36178],[34.33855,51.35553],[34.31611,51.34262],[34.3168,51.33095],[34.28123,51.33475],[34.28878,51.32233],[34.28247,51.31087],[34.27283,51.31455],[34.26663,51.29873],[34.23766,51.29233],[34.25516,51.28192],[34.23079,51.26541],[34.3068,51.23818],[34.33092,51.23986],[34.38367,51.27401],[34.43124,51.26745],[34.4883,51.24406],[34.54082,51.25245],[34.58023,51.23347],[34.60384,51.25462],[34.66165,51.24748],[34.66782,51.19816],[34.68826,51.18124],[34.70632,51.17529],[34.72272,51.18778],[34.77251,51.17463],[34.78463,51.18467],[34.81731,51.16891],[34.86251,51.19917],[34.89696,51.19313],[34.97944,51.23505],[35.03785,51.21776],[35.03977,51.20443],[35.07583,51.23207],[35.15048,51.22343],[35.13948,51.21753],[35.14301,51.20323],[35.13028,51.19446],[35.13413,51.17097],[35.12341,51.16525],[35.14043,51.1522],[35.14136,51.13385],[35.17471,51.12149],[35.16301,51.10944],[35.17693,51.09845],[35.17373,51.08754],[35.15638,51.09071],[35.1482,51.08245],[35.16325,51.08356],[35.18981,51.05416],[35.21189,51.0462],[35.24965,51.06426],[35.27359,51.05812],[35.27526,51.06638],[35.3208,51.08723],[35.32744,51.07065],[35.3496,51.06222],[35.37531,51.06696],[35.40624,51.04767],[35.40978,51.03904],[35.40006,51.03157],[35.40948,51.02662],[35.37449,51.00916],[35.32304,51.01382],[35.35209,50.9733],[35.32569,50.94675],[35.33317,50.93463],[35.3726,50.93242],[35.36679,50.92562],[35.39276,50.92442],[35.40061,50.91459],[35.40332,50.90257],[35.37989,50.89564],[35.40201,50.87951],[35.38231,50.87004],[35.40605,50.86268],[35.41912,50.84383],[35.41141,50.80256],[35.44967,50.78296],[35.48871,50.7768],[35.46388,50.73497],[35.47315,50.72554],[35.4593,50.68909],[35.49618,50.67879],[35.48573,50.65586],[35.46271,50.6663],[35.39292,50.65],[35.42565,50.60318],[35.39035,50.57999],[35.42791,50.56215],[35.43888,50.54434],[35.43605,50.53007],[35.47642,50.48853],[35.56375,50.45108],[35.5697,50.46437],[35.58583,50.4488],[35.58425,50.39266],[35.594,50.39298],[35.61192,50.37463],[35.60144,50.36731],[35.62622,50.35203],[35.73818,50.35446],[35.80204,50.39738],[35.80686,50.41093],[35.79431,50.41386],[35.83174,50.43377],[35.83534,50.42467],[35.87242,50.42244],[35.88976,50.43857],[35.93289,50.4306],[36.03927,50.44956],[36.08665,50.44836],[36.16064,50.43154],[36.17763,50.40167],[36.19326,50.40356],[36.23342,50.36373],[36.28372,50.33558],[36.27342,50.32322],[36.28561,50.29867],[36.29866,50.29901],[36.29574,50.29163],[36.36303,50.28751],[36.43341,50.33077],[36.43993,50.3112],[36.48783,50.3112],[36.53572,50.28374],[36.58499,50.2858],[36.5938,50.27536],[36.57417,50.27447],[36.58052,50.26228],[36.56044,50.25061],[36.59683,50.22932],[36.64867,50.21765],[36.67992,50.23807],[36.69296,50.26914],[36.70412,50.26451],[36.71957,50.27738],[36.74892,50.28013],[36.74841,50.28786],[36.77158,50.2894],[36.76403,50.29163],[36.76781,50.30159],[36.83287,50.31309],[36.87028,50.33773],[36.93761,50.35046],[37.04453,50.34496],[37.13835,50.36113],[37.15298,50.35646],[37.29249,50.4013],[37.32727,50.43548],[37.4127,50.43328],[37.47689,50.45944],[37.49102,50.45746],[37.4847,50.43469],[37.46511,50.43095],[37.46293,50.42274],[37.47196,50.36922],[37.52143,50.33651],[37.55573,50.32974],[37.57702,50.30657],[37.59453,50.31618],[37.63555,50.31137],[37.63813,50.30279],[37.62646,50.29335],[37.62731,50.24082],[37.61444,50.22005],[37.64345,50.19087],[37.6407,50.17593],[37.71006,50.1337],[37.75486,50.07843],[37.79692,50.08409],[37.92652,50.0338],[37.96458,49.97892],[38.00471,49.96742],[38.04372,49.93294],[38.02093,49.92575],[38.03297,49.90015],[38.05592,49.92319],[38.12455,49.94239],[38.13217,49.92462],[38.17102,49.9419],[38.1622,49.95125],[38.22185,49.97914],[38.18623,50.02282],[38.17823,50.08],[38.27579,50.07348],[38.31418,50.08819],[38.32959,50.0854],[38.33302,50.05949],[38.35123,50.03575],[38.35053,50.00691],[38.4163,49.98177],[38.43412,50.00135],[38.46931,49.99534],[38.46502,49.98299],[38.47858,49.98316],[38.48871,49.96324],[38.52733,49.95861],[38.58261,49.97749],[38.6115,49.9756],[38.6475,49.95586],[38.67977,49.97406],[38.67788,49.99878],[38.68698,50.0077],[38.71805,49.9835],[38.68605,49.96224],[38.69397,49.93493],[38.72406,49.92708],[38.74475,49.89738],[38.76877,49.8961],[38.79097,49.87837],[38.82398,49.87843],[38.84783,49.86437],[38.90121,49.86935],[38.91842,49.85859],[38.90453,49.84919],[38.91363,49.83648],[38.90671,49.8278],[38.93016,49.79697],[39.02203,49.8216],[39.06684,49.81563],[39.17994,49.8888],[39.22668,49.83982],[39.22771,49.80738],[39.25089,49.77648],[39.28522,49.75536],[39.37878,49.73854],[39.44366,49.76],[39.61052,49.73373],[39.59129,49.71828],[39.63884,49.63451],[39.6579,49.61666],[39.75025,49.59743],[39.80604,49.55795],[39.89118,49.5583],[39.93461,49.5734],[39.95212,49.59709],[40.05761,49.60694],[40.06496,49.59897],[40.13539,49.6171],[40.13941,49.59589],[40.16962,49.56877],[40.0392,49.52072],[40.02934,49.45361],[40.11439,49.38571],[40.15827,49.37136],[40.16894,49.35665],[40.19461,49.34647],[40.18593,49.28122],[40.22758,49.26053],[40.22128,49.2499],[40.18781,49.23844],[40.13725,49.23984],[40.07737,49.18699],[40.03111,49.17976],[39.93831,49.08304],[39.93805,49.0564],[39.88022,49.06434],[39.81124,49.06039],[39.76637,49.04006],[39.69316,49.05048],[39.67239,49.0404],[39.68509,49.03393],[39.67398,49.00556],[39.6637,49.00088],[39.67834,48.98909],[39.70389,48.99925],[39.72648,48.97571],[39.75295,48.98594],[39.74933,48.97792],[39.77843,48.95186],[39.7765,48.92069],[39.81823,48.9077],[39.82699,48.88646],[39.8394,48.90313],[39.85239,48.89053],[39.92497,48.89584],[39.94921,48.87628],[39.99323,48.86821],[40.00403,48.90128],[40.03511,48.91589],[40.06096,48.9089],[40.08011,48.87014],[39.97553,48.79303],[39.8001,48.8426],[39.79165,48.83591],[39.7975,48.82442],[39.78627,48.82475],[39.78011,48.81212],[39.78371,48.79169],[39.76299,48.77341],[39.76827,48.76584],[39.74373,48.7702],[39.72555,48.75237],[39.73947,48.74365],[39.7252,48.74046],[39.72294,48.72525],[39.70431,48.72051],[39.72329,48.68386],[39.70184,48.66952],[39.71142,48.66721],[39.71092,48.65514],[39.69374,48.64929],[39.69378,48.63672],[39.66065,48.60909],[39.68789,48.5868],[39.74748,48.59056],[39.75242,48.58199],[39.79163,48.59301],[39.82363,48.58653],[39.82089,48.57861],[39.85043,48.5679],[39.86727,48.50776],[39.84721,48.50157],[39.84644,48.47375],[39.89759,48.44731],[39.88894,48.44203],[39.91171,48.41989],[39.90557,48.40451],[39.91849,48.3989],[39.90572,48.39038],[39.92395,48.37523],[39.94151,48.38632],[39.93229,48.36456],[39.94745,48.3547],[39.94236,48.34617],[39.84532,48.33286],[39.84116,48.31005],[39.88761,48.30855],[39.91037,48.29256],[39.91504,48.26963],[39.93476,48.27915],[39.95185,48.3034],[39.99033,48.31706],[40.02076,48.25386],[40.00652,48.24203],[40.00959,48.22512],[39.942,48.22861],[39.93702,48.18096],[39.90982,48.17985],[39.9025,48.14034],[39.87046,48.11661],[39.86889,48.0792],[39.83397,48.06701],[39.88351,48.04899],[39.88339,48.04161],[39.7769,48.03991],[39.7911,48.01217],[39.81646,48.00132],[39.81499,47.98566],[39.8231,47.98122],[39.816,47.96802],[39.82478,47.9553],[39.80606,47.95054],[39.80647,47.93483],[39.79365,47.91935],[39.79492,47.87038],[39.76345,47.87069],[39.76323,47.84632],[39.73804,47.82778],[39.62571,47.83913],[39.56548,47.83643],[39.54252,47.82506],[39.53496,47.83283],[39.52094,47.82568],[39.47781,47.86068],[39.43996,47.85477],[39.43322,47.84435],[39.43935,47.84019],[39.41322,47.82973],[39.38731,47.87116],[39.24174,47.86707],[39.23649,47.85365],[39.10946,47.84267],[39.10949,47.85165],[39.08306,47.85163],[39.08311,47.86953],[38.87806,47.87587],[38.87757,47.8671],[38.84296,47.86533],[38.84258,47.8514],[38.82753,47.8482],[38.82882,47.81592],[38.78892,47.81592],[38.78387,47.78804],[38.79654,47.77366],[38.78911,47.76858],[38.78902,47.73754],[38.77752,47.7357],[38.77015,47.72106],[38.77261,47.68552],[38.73661,47.68014],[38.73489,47.69964],[38.66583,47.69873],[38.66603,47.66931],[38.62927,47.6694],[38.62975,47.65343],[38.61644,47.64458],[38.45649,47.64404],[38.45675,47.61711],[38.35046,47.61665],[38.35072,47.5762],[38.31079,47.57614],[38.30729,47.54649],[38.28473,47.54431],[38.2849,47.50903],[38.29378,47.50216],[38.28596,47.48349],[38.30203,47.47496],[38.30239,47.39285],[38.28647,47.39136],[38.28655,47.37342],[38.25725,47.37321],[38.24498,47.36371],[38.24624,47.35073],[38.22251,47.33311],[38.22089,47.3054],[38.33604,47.30625],[38.32283,47.28149],[38.33353,47.26919],[38.32449,47.25695],[38.28797,47.25675],[38.2882,47.23854],[38.23291,47.22895],[38.24276,47.21777],[38.23398,47.20378],[38.2298,47.1193],[38.31061,47.13894],[38.39681,47.13597],[38.45189,47.15131],[38.47596,47.14404],[38.48199,47.15236],[38.46511,47.15863],[38.49841,47.18642],[38.51568,47.18458],[38.52434,47.21038],[38.55796,47.22949],[38.65483,47.26216],[38.79877,47.27446],[38.81207,47.29767],[38.81327,47.2892],[38.8323,47.28263],[38.80658,47.248],[38.63049,47.23509],[38.60708,47.24442],[38.59063,47.22782],[38.5722,47.2257],[38.55395,47.20319],[38.52486,47.19397],[38.50399,47.17362],[38.50422,47.14849],[38.48133,47.14077],[38.57207,47.11511],[38.58556,47.12069],[38.57419,47.12846],[38.58062,47.11938],[38.56103,47.11974],[38.5579,47.13537],[38.57625,47.14352],[38.63704,47.14094],[38.79859,47.17578],[38.86447,47.17282],[38.884,47.19693],[38.95518,47.20111],[38.93592,47.22915],[38.93834,47.25193],[38.95465,47.26932],[38.98931,47.27278],[39.03417,47.26336],[39.08364,47.28761],[39.19396,47.28486],[39.22326,47.26083],[39.24388,47.26146],[39.23694,47.25716],[39.24171,47.24434],[39.22651,47.23773],[39.21324,47.19017],[39.22503,47.17656],[39.24383,47.17341],[39.23798,47.1676],[39.246,47.16189],[39.22989,47.13735],[39.26112,47.10951],[39.25217,47.09201],[39.23105,47.08841],[39.25688,47.08248],[39.28924,47.05692],[39.31045,47.05944],[39.29722,47.02321],[39.23958,47.01872],[39.19004,47.03449],[39.1181,47.02628],[39.10287,47.043],[38.96717,46.97042],[38.9234,46.95605],[38.89699,46.96519],[38.8699,46.9458],[38.84979,46.91188],[38.75915,46.88376],[38.56102,46.8557],[38.49966,46.88048],[38.45283,46.85452],[38.42047,46.82212],[38.39385,46.73661],[38.39736,46.72346],[38.41247,46.71664],[38.39989,46.72315],[38.40348,46.74978],[38.45109,46.75583],[38.47587,46.74714],[38.50835,46.75096],[38.5838,46.72159],[38.60179,46.68614],[38.59374,46.66202],[38.55217,46.66296],[38.50631,46.64246],[38.33205,46.66405],[38.30852,46.67845],[38.28944,46.7058],[38.29095,46.74282],[38.27439,46.73186],[38.2812,46.73255],[38.27709,46.72474],[38.26635,46.73245],[38.26158,46.71918],[38.22806,46.70195],[38.13432,46.69087],[38.06023,46.64712],[37.99602,46.63491],[37.90172,46.63469],[37.80635,46.64977],[37.69945,46.70044],[37.75202,46.66393],[37.84208,46.49405],[37.88344,46.4362],[37.91825,46.40619],[37.99201,46.36381],[38.01024,46.36709],[38.01535,46.37752],[37.98739,46.37873],[37.98699,46.40001],[37.95943,46.38694],[37.99683,46.40946],[38.08953,46.399],[38.13922,46.37772],[38.22239,46.32311],[38.27763,46.27582],[38.29189,46.24372],[38.34034,46.21178],[38.56871,46.11461],[38.58158,46.09542],[38.58621,46.04311],[38.57002,46.03869],[38.52461,46.05352],[38.50075,46.04315],[38.46061,46.04284],[38.35909,46.09388],[38.27495,46.15622],[38.25505,46.15404],[38.26959,46.17029],[38.26378,46.16346],[38.25371,46.17122],[38.26652,46.17951],[38.26227,46.19333],[38.25063,46.19403],[38.2514,46.20506],[38.262,46.21385],[38.26073,46.22564],[38.27698,46.22677],[38.28418,46.24092],[38.28635,46.26139],[38.27652,46.26178],[38.25307,46.232],[38.24315,46.15724],[38.1873,46.11767],[38.1785,46.07656],[38.1516,46.02998],[38.14762,46.03549],[38.15338,46.00269],[38.12429,45.98536],[38.10684,45.94957],[38.0855,45.93862],[38.0951,45.94794],[38.08967,45.96457],[38.06515,45.96847],[38.08589,45.98223],[38.07181,45.99931],[38.07997,46.00656],[38.07507,46.01344],[38.08849,46.01458],[38.07795,46.01706],[38.08717,46.02765],[38.07926,46.02681],[38.08502,46.03481],[38.07868,46.03989],[38.1056,46.03805],[38.08824,46.02945],[38.09262,46.02102],[38.11747,46.0325],[38.11601,46.05414],[38.08096,46.05774],[37.97087,46.03359],[37.93275,45.98604],[37.87237,45.82462],[37.83398,45.75626],[37.81989,45.74662],[37.7855,45.74521],[37.75517,45.71531],[37.65476,45.68849],[37.61601,45.66456],[37.60322,45.63413],[37.59807,45.57708],[37.59879,45.47757],[37.60446,45.48741],[37.60672,45.47794],[37.5868,45.42896],[37.55354,45.39495],[37.45098,45.3469],[37.39533,45.35216],[37.38448,45.34715],[37.39429,45.33739],[37.37039,45.33359],[37.22968,45.33227],[37.05435,45.37097],[36.9241,45.43307],[36.85714,45.45095],[36.78513,45.44224],[36.71695,45.36562],[36.66554,45.34151],[36.62198,45.30523],[36.68305,45.33607],[36.735,45.37829],[36.7631,45.41495],[36.78846,45.39239],[36.85855,45.37914],[36.80545,45.3544],[36.78036,45.37775],[36.77292,45.37028],[36.76606,45.37532],[36.79837,45.30354],[36.92319,45.3289],[36.99491,45.32659],[37.00141,45.3234],[36.98871,45.31234],[36.99244,45.28974],[36.97839,45.27986],[36.90972,45.26978],[36.87481,45.2513],[36.77557,45.23479],[36.76628,45.24025],[36.73016,45.21827],[36.68605,45.22669],[36.61194,45.21005],[36.59166,45.24575],[36.60648,45.22637],[36.59799,45.19537],[36.61423,45.18195],[36.63297,45.14055],[36.73432,45.1098],[36.80358,45.11896],[36.89621,45.10634],[37.11401,45.04223],[37.2411,44.98625],[37.31157,44.92836],[37.3169,44.90277],[37.29704,44.88932],[37.33751,44.85195],[37.34213,44.82651],[37.38239,44.78271],[37.38876,44.76551],[37.38063,44.75677],[37.39917,44.75351],[37.455,44.70643],[37.48299,44.69438],[37.54707,44.67649],[37.65735,44.66875],[37.6987,44.65255],[37.73677,44.64971],[37.80315,44.67077],[37.79888,44.6754],[37.80839,44.67944],[37.79076,44.69538],[37.78538,44.72239],[37.7735,44.72715],[37.80626,44.73166],[37.81327,44.72009],[37.83436,44.71941],[37.83358,44.71177],[37.82269,44.71478],[37.84249,44.71473],[37.88031,44.67997],[37.91398,44.66628],[37.93153,44.64606],[37.90678,44.62872],[37.98436,44.5682],[38.02792,44.55954],[38.02699,44.58348],[38.06506,44.57671],[38.07484,44.55766],[38.04849,44.55069],[38.12637,44.5021],[38.1523,44.45812],[38.20618,44.41648],[38.28437,44.41027],[38.37371,44.37026],[38.41497,44.37546],[38.56863,44.34946],[38.63415,44.32141],[38.71478,44.30054],[38.74603,44.30143],[38.79098,44.2816],[38.8666,44.1972],[38.99831,44.1613],[39.02914,44.12784],[39.03684,44.09654],[39.07795,44.09284],[39.07492,44.08635],[39.08992,44.08161],[39.15323,44.02038],[39.29497,43.94245],[39.33434,43.8976],[39.40216,43.85432],[39.46142,43.78801],[39.58274,43.70244],[39.6073,43.6671],[39.68938,43.63217],[39.70316,43.61242],[39.70899,43.57943],[39.71704,43.58384],[39.73175,43.56844],[39.86366,43.51139],[39.88435,43.49362],[39.92295,43.41602],[39.99239,43.38502],[40.00845,43.38557],[40.01015,43.42435],[40.04207,43.45352],[40.04439,43.47507],[40.06349,43.5053],[40.09506,43.52938],[40.09069,43.55558],[40.10901,43.56961],[40.13067,43.56504],[40.2596,43.58619],[40.2942,43.57146],[40.3141,43.57837],[40.3287,43.56619],[40.38822,43.55446],[40.43311,43.55768],[40.4796,43.54871],[40.50541,43.52488],[40.54021,43.51932],[40.5663,43.51916],[40.60888,43.54731],[40.66178,43.56305],[40.6922,43.5479],[40.69437,43.53483],[40.73953,43.52681],[40.82783,43.48796],[40.89091,43.48961],[40.89942,43.46949],[40.89292,43.45842],[40.92362,43.44825],[40.92925,43.42867],[40.95082,43.41853],[41.00429,43.43222],[41.04538,43.39608],[41.09637,43.38516],[41.10736,43.40609],[41.12748,43.39701],[41.15183,43.40367],[41.15551,43.38917],[41.16798,43.38338],[41.21921,43.38103],[41.24317,43.35885],[41.27483,43.36056],[41.27491,43.34759],[41.28883,43.33703],[41.34079,43.34748],[41.36598,43.37007],[41.39364,43.36623],[41.41633,43.35244],[41.40981,43.33277],[41.4226,43.31405],[41.46163,43.3085],[41.48902,43.28626],[41.54446,43.26969],[41.56169,43.24939],[41.57617,43.25281],[41.58885,43.23473],[41.61907,43.22231],[41.66075,43.23741],[41.68485,43.21746],[41.70092,43.21926],[41.7285,43.24323],[41.77315,43.21826],[41.78488,43.22168],[41.8065,43.20251],[41.8273,43.21412],[41.84838,43.21151],[41.86585,43.23376],[41.86293,43.24267],[41.88857,43.24813],[41.90342,43.22857],[41.94184,43.22519],[41.95884,43.20253],[41.97174,43.21238],[42.01914,43.21709],[42.04544,43.18703],[42.09516,43.21373],[42.13186,43.21027],[42.16327,43.22245],[42.18057,43.21499],[42.21619,43.23098],[42.24641,43.2281],[42.25283,43.21294],[42.29523,43.21092],[42.30667,43.22334],[42.34106,43.22043],[42.3582,43.24685],[42.38812,43.2438],[42.41412,43.25697],[42.44214,43.25085],[42.45209,43.23761],[42.44419,43.2265],[42.4572,43.21293],[42.51004,43.1991],[42.54325,43.17659],[42.61556,43.16458],[42.66827,43.133],[42.6815,43.13588],[42.6722,43.14262],[42.68169,43.17174],[42.71022,43.17882],[42.77662,43.18877],[42.81598,43.16625],[42.86027,43.17856],[42.87752,43.16969],[42.88111,43.15354],[42.89798,43.15883],[42.93212,43.14841],[42.92138,43.1357],[42.92747,43.1241],[42.99356,43.11673],[43.04123,43.09076],[43.01562,43.07115],[43.03865,43.03873],[43.03504,43.02987],[43.08666,42.99973],[43.11283,43.00029],[43.14371,42.96929],[43.17316,42.96277],[43.1863,42.93761],[43.29066,42.918],[43.30039,42.90733],[43.31755,42.91482],[43.3348,42.89012],[43.38989,42.89913],[43.47812,42.88969],[43.50766,42.8678],[43.56105,42.86771],[43.61065,42.83393],[43.60891,42.81368],[43.63147,42.81293],[43.6509,42.79568],[43.68487,42.80187],[43.68931,42.7875],[43.70978,42.77634],[43.77878,42.75804],[43.80489,42.74241],[43.80789,42.72107],[43.759,42.65509],[43.71531,42.63195],[43.7542,42.61648],[43.75203,42.60059],[43.77046,42.58878],[43.79861,42.5993],[43.8387,42.59867],[43.94607,42.55966],[43.94489,42.55036],[43.97356,42.55223],[44.02178,42.5972],[44.0899,42.60497],[44.11538,42.6173],[44.16221,42.60627],[44.1914,42.63236],[44.23185,42.62669],[44.24889,42.67992],[44.31402,42.72167],[44.35063,42.71138],[44.38427,42.71513],[44.39256,42.70436],[44.41646,42.71999],[44.51797,42.69704],[44.49993,42.7362],[44.51121,42.75289],[44.53436,42.75356],[44.55309,42.76637],[44.58018,42.74475],[44.67997,42.75591],[44.74134,42.72741],[44.75285,42.7141],[44.74462,42.70011],[44.76657,42.64279],[44.80379,42.61473],[44.82903,42.61716],[44.82358,42.64172],[44.83612,42.67431],[44.85384,42.6757],[44.86661,42.69102],[44.86916,42.72424],[44.88747,42.74704],[44.96694,42.74903],[45.03805,42.6928],[45.06457,42.69609],[45.08679,42.71222],[45.10652,42.70493],[45.15804,42.70817],[45.16478,42.69269],[45.22991,42.64761],[45.25747,42.60575],[45.28503,42.60694],[45.28157,42.59041],[45.30095,42.57143],[45.32554,42.56522],[45.33227,42.52931],[45.34162,42.52258],[45.37733,42.52917],[45.418,42.55189],[45.43223,42.54115],[45.45287,42.54573],[45.49332,42.53499],[45.57222,42.55002],[45.60153,42.51355],[45.6521,42.50234],[45.68197,42.50968],[45.70493,42.48061],[45.77164,42.49208],[45.78157,42.44695],[45.7347,42.37832],[45.74231,42.33419],[45.75616,42.3258],[45.75227,42.30801],[45.72187,42.28898],[45.70196,42.29673],[45.66995,42.28302],[45.65243,42.29222],[45.61927,42.25396],[45.60861,42.21231],[45.64752,42.18641],[45.67168,42.18638],[45.74572,42.14873],[45.73895,42.13154],[45.76915,42.12691],[45.78603,42.10207],[45.80392,42.11605],[45.82289,42.10613],[45.85398,42.11599],[45.89722,42.10602],[45.9207,42.08079],[45.91184,42.06452],[45.93024,42.05439],[45.92791,42.0315],[45.94382,42.03578],[45.95758,42.02408],[45.98733,42.04534],[46.00475,42.03687],[46.02083,42.04166],[46.02343,42.02627],[46.04049,42.01992],[46.07338,42.04061],[46.08594,42.00538],[46.10629,41.98603],[46.14718,42.01081],[46.15926,41.99015],[46.22158,42.01555],[46.2565,42.00613],[46.24523,41.98211],[46.262,41.98256],[46.28244,41.94544],[46.32005,41.92927],[46.33885,41.94606],[46.36049,41.93243],[46.39936,41.94057],[46.4046,41.92179],[46.4767,41.88274],[46.50713,41.88954],[46.53704,41.88045],[46.55393,41.86028],[46.55474,41.82266],[46.58221,41.80324],[46.61333,41.81719],[46.62428,41.83459],[46.64592,41.82894],[46.66612,41.83894],[46.7219,41.82831],[46.71638,41.84737],[46.7599,41.86169],[46.78373,41.81661],[46.76594,41.80101],[46.79227,41.77364],[46.80779,41.76146],[46.83121,41.76006],[46.8316,41.74783],[46.85838,41.73366],[46.86415,41.72008],[46.89817,41.73283],[46.91497,41.72658],[46.92871,41.71034],[46.92119,41.68614],[46.92741,41.67665],[46.94083,41.67805],[46.95622,41.65496],[46.99951,41.64134],[47.00886,41.62283],[46.99106,41.59981],[47.00746,41.57913],[47.02269,41.57617],[47.01865,41.55586],[47.03077,41.56479],[47.06546,41.55566],[47.07528,41.57837],[47.11286,41.59481],[47.11158,41.58437],[47.12412,41.58313],[47.11547,41.5695],[47.12939,41.55174],[47.17307,41.53],[47.15809,41.49912],[47.19194,41.48831],[47.19443,41.47023],[47.21728,41.44595],[47.24212,41.44635],[47.21876,41.40004],[47.26012,41.39565],[47.27108,41.35242],[47.25853,41.33937],[47.27097,41.32806],[47.37451,41.27277],[47.43263,41.26596],[47.45355,41.27424],[47.47072,41.25711],[47.49836,41.26844],[47.5063,41.26129],[47.50388,41.22744],[47.55684,41.19851],[47.57631,41.21723],[47.61044,41.21718],[47.62049,41.23714],[47.65211,41.22296],[47.7011,41.22574],[47.70496,41.21424],[47.727,41.20672],[47.72726,41.19269],[47.74825,41.18745],[47.78209,41.18587],[47.81155,41.21936],[47.88561,41.21942],[47.9106,41.25538],[47.91172,41.2769],[47.89292,41.28829],[47.8984,41.29883],[47.97063,41.32294],[47.95014,41.35112],[47.96243,41.36082],[47.98064,41.35318],[47.98527,41.36604],[48.00141,41.37318],[48.00223,41.42996],[48.06373,41.45751],[48.05418,41.46714],[48.06479,41.49229],[48.22428,41.51693],[48.25232,41.5284],[48.28447,41.56085],[48.31441,41.56411],[48.37734,41.59101],[48.41277,41.62315],[48.42017,41.65828],[48.55438,41.78026],[48.55585,41.80092],[48.57934,41.81677],[48.58588,41.83848],[48.8141,41.95029],[48.74516,41.99165],[48.68513,42.05136],[48.55725,42.14107],[48.51897,42.2118],[48.43885,42.29163],[48.33769,42.42718],[48.19755,42.54887],[48.12,42.68411],[47.98399,42.83177],[47.96525,42.91452],[47.93627,42.96511],[47.9039,42.99957],[47.81307,43.06068],[47.77734,43.13772],[47.81571,43.19708],[47.83189,43.27551],[47.8315,43.31954],[47.79368,43.48108],[47.82885,43.54667],[47.84513,43.63577],[47.93287,43.7537],[48.07615,43.8533],[48.11844,43.90086],[48.14069,43.95506],[48.14341,43.99277],[48.1164,44.0709],[48.05761,44.13178],[47.97195,44.17298],[47.88812,44.18924],[47.69835,44.19945],[47.66359,44.21037],[47.79271,44.31065],[47.82756,44.35924],[47.84281,44.41279],[47.83907,44.47103],[47.81298,44.54914],[47.78161,44.594],[47.71428,44.64639],[47.61948,44.68277],[47.5041,44.69508],[47.40554,44.68103],[47.31072,44.64039],[47.16479,44.60526],[47.15326,44.64342],[47.25905,44.69177],[47.34906,44.77557],[47.41767,44.88501],[47.49982,44.99173],[47.55797,45.12974],[47.61549,45.20646],[47.8268,45.26226],[47.5514,45.40475],[47.75905,45.40374],[47.8193,45.4196],[47.93797,45.41407],[47.93943,45.46079],[47.91451,45.47775],[47.91652,45.51241],[48.0218,45.51255],[48.02598,45.66483],[48.78186,45.67535],[48.79102,45.72868],[48.89363,45.83281],[48.89723,45.91109],[49.01811,45.90833],[49.01189,46.00176],[49.12306,46.00285],[49.25539,46.08996],[49.2756,46.16333],[49.37416,46.24819],[49.545,46.18],[49.70167,46.18667],[49.77833,46.11833],[49.88612,46.04577],[49.94043,46.06762],[49.99935,46.10446],[50.02087,46.12896],[50.05598,46.22859],[50.08611,46.43257],[50.14682,46.47732],[49.92362,46.59053],[49.9348,46.88923],[49.86969,46.90522],[49.71934,46.86543],[49.722,46.90697],[49.82848,46.97668],[49.74218,47.05721],[49.84607,47.18911],[49.76354,47.27835],[49.66636,47.47885],[49.66367,47.61624],[49.83887,47.6552],[49.82184,47.69988],[49.66972,47.7421],[49.49429,47.87848],[49.37272,47.89758],[49.44681,47.9205],[48.95633,48.051],[48.679,48.10306],[47.79552,48.16901],[47.28558,48.22233],[47.16785,48.21822],[47.11123,48.23373],[47.12376,48.26953],[46.74654,48.35399],[46.67676,48.38948],[46.64462,48.38566],[46.49216,48.43362],[46.77916,48.95141],[46.89257,48.98211],[46.97192,49.02743],[47.02868,49.0893],[47.05114,49.16559],[46.99612,49.23238],[46.91452,49.28284],[46.78209,49.33983],[46.82926,49.56565],[46.83887,49.56578],[46.83715,49.60662],[46.84427,49.60656],[46.85777,49.6436],[46.87009,49.74289],[46.90247,49.86385],[46.92958,49.87475],[46.95735,49.8714],[47.18236,49.93503],[47.35265,50.09404],[47.31677,50.15237],[47.2573,50.19175],[47.33497,50.23801],[47.30065,50.26316],[47.29146,50.2827],[47.30013,50.3033],[47.33988,50.33196],[47.38306,50.3281],[47.40668,50.33637],[47.41875,50.36506],[47.47215,50.41982],[47.54183,50.46091],[47.61215,50.46368],[47.63738,50.45521],[47.62516,50.44882],[47.6304,50.44369],[47.64902,50.44819],[47.64035,50.43589],[47.65506,50.429],[47.65332,50.42176],[47.67509,50.42057],[47.66211,50.41694],[47.66339,50.40855],[47.74332,50.37837],[47.74437,50.35563],[47.76343,50.34003],[47.82789,50.33033],[47.81945,50.31302],[47.84917,50.30428],[47.88762,50.2672],[47.93775,50.24448],[47.93723,50.23263],[47.9532,50.22637],[47.95028,50.21308],[47.9871,50.18639],[48.00909,50.1421],[48.03611,50.13598],[48.04961,50.12686],[48.04895,50.11168],[48.09521,50.10001],[48.10812,50.08581],[48.11266,50.06143],[48.12839,50.04179],[48.13163,49.99802],[48.15658,49.9796],[48.16079,49.95651],[48.19174,49.9442],[48.23346,49.89972],[48.22619,49.86806],[48.26557,49.85753],[48.29849,49.86057],[48.31514,49.87218],[48.35385,49.82757],[48.39557,49.83599],[48.44131,49.80121],[48.45044,49.83509],[48.74562,49.92135],[48.90337,50.01847],[48.88083,50.02996],[48.86518,50.05543],[48.86411,50.07713],[48.85034,50.09024],[48.76322,50.0978],[48.80902,50.17043],[48.79392,50.20479],[48.73207,50.25716],[48.65852,50.5279],[48.65567,50.55634],[48.66425,50.57791],[48.64641,50.58729],[48.64613,50.60625],[48.59479,50.6159],[48.57063,50.63237],[48.60621,50.66193],[48.64989,50.64483],[48.68905,50.61235],[48.72329,50.60304],[48.75848,50.61132],[48.81395,50.59548],[48.95377,50.65132],[48.99924,50.68771],[49.0093,50.68257],[49.12603,50.78478],[49.21665,50.79913],[49.26216,50.82316],[49.42291,50.84869],[49.44465,50.88149],[49.41181,50.93879],[49.40831,50.9611],[49.37501,50.98122],[49.3389,50.98725],[49.39741,51.04919],[49.39371,51.09033],[49.4317,51.09016],[49.44001,51.11551],[49.45658,51.12618],[49.49064,51.09865],[49.56284,51.10999],[49.77629,51.10718],[49.9111,51.20107],[50.00624,51.24239],[50.25134,51.2813],[50.37391,51.33295],[50.3382,51.38201],[50.40395,51.40436],[50.37191,51.42765],[50.49686,51.42776],[50.49851,51.46649],[50.54259,51.46445],[50.55585,51.47273],[50.55604,51.48892],[50.53766,51.51056],[50.53772,51.58903],[50.55008,51.60109],[50.56533,51.58845],[50.58677,51.59061],[50.58514,51.64585],[50.62497,51.64678],[50.63591,51.64308],[50.63602,51.62915],[50.7317,51.62852],[50.73394,51.60598],[50.69854,51.59455],[50.70029,51.58694],[50.68315,51.58692],[50.67891,51.57455],[50.76772,51.5748],[50.76665,51.58559],[50.81203,51.58504],[50.81257,51.64917],[50.83258,51.64916],[50.78741,51.68478],[50.76719,51.71638],[50.76816,51.77304],[50.87141,51.75346],[50.89361,51.68138],[50.96881,51.68107],[50.99763,51.67136],[51.03717,51.68681],[51.04421,51.67713],[51.05667,51.68057],[51.08415,51.66634],[51.11332,51.67744],[51.1518,51.67091],[51.15594,51.67785],[51.2007,51.66685],[51.20738,51.67062],[51.1972,51.67525],[51.2145,51.68331],[51.25311,51.68705],[51.27217,51.68484],[51.30371,51.64106],[51.38021,51.64124],[51.38033,51.56343],[51.24044,51.56312],[51.24773,51.52523],[51.28561,51.53191],[51.28655,51.48778],[51.38004,51.48582],[51.38018,51.47615],[51.49355,51.4846],[51.49065,51.49036],[51.56616,51.5058],[51.55693,51.52312],[51.5851,51.52836],[51.57681,51.54552],[51.60413,51.55078],[51.61284,51.53344],[51.64,51.53846],[51.65711,51.5051],[51.64295,51.50135],[51.62986,51.47497],[51.64079,51.47666],[51.65587,51.44861],[51.73859,51.46513],[51.73073,51.48075],[51.81355,51.49702],[51.77107,51.58202],[51.79882,51.59242],[51.78566,51.6042],[51.82375,51.63764],[51.86081,51.65098],[51.85661,51.67381],[51.89412,51.67419],[51.89409,51.68341],[51.99888,51.68324],[51.999,51.66722],[52.07473,51.67404],[52.09006,51.65838],[52.17397,51.68733],[52.17985,51.73327],[52.23341,51.73576],[52.2404,51.72395],[52.33536,51.74332],[52.31951,51.76634],[52.35867,51.7759],[52.38437,51.68319],[52.41606,51.64007],[52.45043,51.62325],[52.49618,51.54747],[52.50888,51.54179],[52.50092,51.53904],[52.51112,51.53071],[52.5049,51.50589],[52.55406,51.48725],[52.55693,51.47981],[52.53568,51.46989],[52.54588,51.46011],[52.56544,51.45479],[52.58649,51.47777],[52.59788,51.47083],[52.58572,51.45574],[52.61985,51.45468],[52.61737,51.47254],[52.64131,51.46302],[52.6456,51.48494],[52.65523,51.49065],[52.66449,51.48719],[52.66363,51.47019],[52.68783,51.45671],[52.68917,51.46571],[52.67221,51.4704],[52.67521,51.4782],[52.7177,51.48377],[52.72336,51.49836],[52.73478,51.49546],[52.72531,51.48583],[52.74713,51.48627],[52.7511,51.49312],[52.7347,51.50322],[52.75804,51.49627],[52.75718,51.50888],[52.77126,51.52202],[52.77349,51.50215],[52.79289,51.51347],[52.78791,51.49991],[52.80544,51.50544],[52.81012,51.49108],[52.82362,51.50172],[52.8333,51.48643],[52.8413,51.48975],[52.83306,51.50012],[52.83838,51.506],[52.85743,51.49103],[52.89606,51.50535],[52.89863,51.49574],[52.86448,51.48166],[52.87173,51.47466],[52.88885,51.49082],[52.90258,51.4766],[52.90945,51.49478],[52.92472,51.49798],[52.91649,51.48291],[52.93657,51.4812],[52.95013,51.45511],[52.9594,51.46174],[52.94206,51.47062],[52.94618,51.47714],[52.97794,51.4704],[52.96695,51.47949],[52.97125,51.48548],[53.00283,51.47222],[53.05931,51.49093],[53.07047,51.50471],[53.09724,51.48815],[53.15578,51.4874],[53.16282,51.49809],[53.14497,51.5045],[53.14222,51.52106],[53.16969,51.51753],[53.18874,51.53537],[53.19664,51.52875],[53.17896,51.51924],[53.18222,51.51209],[53.20264,51.5029],[53.255,51.51187],[53.26324,51.5061],[53.25878,51.49317],[53.27612,51.48206],[53.29654,51.5012],[53.42642,51.48223],[53.41971,51.47765],[53.4348,51.46855],[53.4373,51.43854],[53.46725,51.43884],[53.48719,51.45422],[53.4814,51.44256],[53.49716,51.43062],[53.5171,51.43509],[53.52094,51.42509],[53.55313,51.42585],[53.57042,51.43316],[53.57569,51.42602],[53.56725,51.41557],[53.58442,51.41197],[53.59974,51.39514],[53.62863,51.39328],[53.62219,51.38689],[53.63316,51.3832],[53.62244,51.37792],[53.63576,51.37721],[53.62788,51.36703],[53.60825,51.37289],[53.59598,51.36323],[53.6003,51.34991],[53.62102,51.35572],[53.61354,51.34356],[53.62549,51.34146],[53.59562,51.30619],[53.61063,51.30077],[53.6045,51.29269],[53.6134,51.29398],[53.60853,51.28847],[53.62508,51.28284],[53.61727,51.27943],[53.62957,51.2709],[53.64473,51.27692],[53.65496,51.26729],[53.64552,51.26233],[53.66978,51.25986],[53.65912,51.25529],[53.65614,51.23889],[53.66838,51.22542],[53.68731,51.22599],[53.69257,51.23638],[53.69465,51.22111],[53.71471,51.22664],[53.70913,51.22295],[53.72291,51.22233],[53.72242,51.21517],[53.74392,51.21477],[53.73564,51.20806],[53.74745,51.20391],[53.7683,51.21492],[53.78362,51.2056],[53.78341,51.21491],[53.80843,51.21478],[53.81427,51.20295],[53.82525,51.20317],[53.81907,51.19338],[53.85409,51.1894],[53.85907,51.20005],[53.8692,51.19252],[53.88413,51.20048],[53.89332,51.18109],[53.93287,51.19298],[53.93522,51.18537],[53.96956,51.17708],[53.97265,51.16546],[53.99187,51.16976],[54.05487,51.15297],[54.03668,51.14145],[54.07787,51.12012],[54.13701,51.10824],[54.14501,51.09862],[54.15174,51.07292],[54.13001,51.06257],[54.14259,51.05117],[54.1505,51.05493],[54.14286,51.06221],[54.16086,51.06629],[54.16846,51.04677],[54.19443,51.03168],[54.18304,51.02359],[54.16801,51.02958],[54.17244,51.01919],[54.15805,51.00992],[54.17715,51.0093],[54.17235,50.99224],[54.20411,50.98794],[54.19031,50.97475],[54.19478,50.96708],[54.23135,50.95364],[54.25089,50.95832],[54.2885,50.94923],[54.27144,50.94743],[54.2873,50.94091],[54.27977,50.91788],[54.29,50.90052],[54.29906,50.89625],[54.30381,50.90847],[54.3152,50.90847],[54.3181,50.89877],[54.34706,50.90089],[54.36181,50.88429],[54.41901,50.87545],[54.4415,50.88203],[54.4527,50.85086],[54.53424,50.84892],[54.51539,50.8073],[54.4736,50.77841],[54.4394,50.66095],[54.41394,50.62095],[54.46624,50.56663],[54.54369,50.52742],[54.59288,50.55962],[54.61454,50.53869],[54.73135,50.61933],[54.7096,50.6706],[54.71874,50.6905],[54.67993,50.71817],[54.68491,50.78063],[54.65713,50.82304],[54.68393,50.83418],[54.6984,50.89258],[54.67115,50.90566],[54.66526,50.91979],[54.61939,50.92507],[54.56692,50.91514],[54.5498,50.92859],[54.52653,50.93],[54.54792,50.93553],[54.56558,50.92268],[54.55887,50.93644],[54.59422,50.94238],[54.57515,50.9505],[54.56786,50.9717],[54.58033,50.97719],[54.5478,51.00096],[54.59178,51.01075],[54.5656,51.01413],[54.59104,51.0296],[54.61114,51.01914],[54.6519,51.02129],[54.65446,51.02998],[54.69204,51.01579],[54.70749,51.02614],[54.68604,51.03764],[54.70568,51.03921],[54.72,51.02821],[54.72322,51.03734],[54.73779,51.03429],[54.73451,51.02451],[54.74924,51.02275],[54.744,51.01841],[54.78506,50.98495],[54.89704,50.95814],[54.88763,50.94196],[54.9045,50.93782],[54.89377,50.92104],[54.9243,50.91413],[55.01135,50.90488],[55.04888,50.92273],[55.08664,50.92056],[55.10398,50.90292],[55.12887,50.89642],[55.12046,50.88657],[55.12966,50.87947],[55.05614,50.81947],[55.14667,50.79713],[55.38469,50.65464],[55.40521,50.68114],[55.50127,50.6701],[55.53116,50.64836],[55.53486,50.61406],[55.61154,50.59817],[55.61845,50.58215],[55.66077,50.56019],[55.71046,50.55523],[55.70796,50.54907],[55.73615,50.55022],[55.7458,50.57909],[55.77748,50.5873],[55.79493,50.6065],[55.8298,50.62242],[55.90246,50.62052],[55.91455,50.64086],[56.05359,50.69387],[56.13645,50.75337],[56.1243,50.78678],[56.13299,50.83009],[56.17499,50.9031],[56.18134,50.93786],[56.2978,50.90203],[56.36244,50.90081],[56.39299,50.94564],[56.37125,50.94788],[56.37655,50.96481],[56.46022,50.96499],[56.44909,51.05737],[56.51351,51.086],[56.51043,51.07895],[56.52717,51.07189],[56.53766,51.04487],[56.57427,51.03457],[56.61648,50.99825],[56.61832,50.98653],[56.67807,50.98817],[56.72139,50.97432],[56.7518,50.98152],[56.70901,51.05449],[56.70443,51.07752],[56.78475,51.09381],[56.88813,51.06034],[56.94314,51.08756],[56.98425,51.06261],[57.1454,51.08756],[57.14479,51.0991],[57.18486,51.11493],[57.20556,51.07313],[57.23251,51.04834],[57.21933,51.03886],[57.24336,51.02597],[57.28942,51.03784],[57.28526,51.01905],[57.29527,51.00662],[57.28796,51.00335],[57.31443,50.98865],[57.30752,50.97753],[57.32434,50.96578],[57.32623,50.9408],[57.38219,50.91986],[57.41515,50.89659],[57.50703,50.87595],[57.52681,50.91605],[57.55905,50.93582],[57.68567,50.9274],[57.68642,50.91639],[57.72868,50.92769],[57.76092,50.91983],[57.74947,50.93913],[57.75397,51.05508],[57.77107,51.13835],[57.81141,51.13917],[57.83012,51.11309],[57.86909,51.09897],[57.91904,51.11805],[57.94874,51.08625],[58.0205,51.09499],[58.08075,51.12247],[58.09122,51.11245],[58.0807,51.08504],[58.09432,51.07361],[58.16967,51.06231],[58.17757,51.06749],[58.1719,51.08453],[58.21602,51.09671],[58.21894,51.10943],[58.20434,51.1285],[58.23387,51.13367],[58.24657,51.14537],[58.26546,51.14294],[58.26769,51.1536],[58.28022,51.14563],[58.28876,51.15976],[58.29263,51.1521],[58.3072,51.15787],[58.31472,51.15112],[58.32448,51.16377],[58.34238,51.14681],[58.33629,51.13749],[58.34345,51.12779],[58.35769,51.12332],[58.36007,51.11174],[58.37363,51.11129],[58.38367,51.07484],[58.52168,51.08353],[58.59485,51.04214],[58.61465,51.04729],[58.60784,51.02522],[58.63705,50.98542],[58.59477,50.97105],[58.60495,50.94667],[58.57861,50.93983],[58.59203,50.86871],[58.68909,50.88576],[58.69744,50.84706],[58.66323,50.84158],[58.65697,50.8088],[58.77432,50.81551],[58.80512,50.78008],[58.84683,50.75398],[58.84651,50.72733],[58.87976,50.70734],[58.87464,50.69974],[59.04188,50.68997],[59.0887,50.67711],[59.11768,50.68439],[59.16166,50.66803],[59.19288,50.67292],[59.23541,50.66443],[59.27838,50.63333],[59.29831,50.65258],[59.41695,50.63676],[59.45185,50.64568],[59.47817,50.64177],[59.49983,50.61188],[59.53681,50.60837],[59.56933,50.58135],[59.56871,50.57338],[59.46283,50.58403],[59.46758,50.56878],[59.45708,50.54373],[59.51694,50.52807],[59.50993,50.49476],[59.61423,50.53066],[59.8141,50.53611],[59.862,50.59888],[59.9062,50.63387],[59.99751,50.67485],[59.97275,50.7687],[60.01535,50.82191],[60.06734,50.82184],[60.14692,50.83994],[60.18802,50.83928],[60.21695,50.81254],[60.18284,50.77836],[60.32555,50.67],[60.56045,50.66103],[60.74119,50.66517],[60.80865,50.6563],[61.44916,50.80633],[61.56797,51.23772],[61.68956,51.25568],[61.54901,51.32338],[61.50053,51.40926],[61.44785,51.40955],[61.4217,51.42307],[61.40483,51.41668],[61.35081,51.43976],[61.25272,51.44069],[61.20298,51.46107],[61.14948,51.45086],[61.13129,51.45812],[61.10756,51.44777],[61.08739,51.46806],[61.02015,51.46157],[60.99919,51.46753],[60.99093,51.48797],[60.95169,51.49095],[60.94346,51.52165],[60.91061,51.55325],[60.9092,51.56773],[60.93563,51.61526],[60.53803,51.61801],[60.52616,51.63813],[60.41554,51.647],[60.35325,51.68901],[60.4303,51.71834],[60.45378,51.73479],[60.47545,51.7685],[60.51888,51.7733],[60.51846,51.79792],[60.42887,51.79832],[60.32054,51.83151],[60.14472,51.90672],[60.14838,51.89383],[60.16176,51.89219],[60.15695,51.85766],[60.14324,51.85916],[60.14422,51.87032],[60.0597,51.87],[60.07452,51.88827],[60.03272,51.91352],[60.03031,51.93585],[60.00962,51.94011],[59.99345,51.96498],[60.00339,51.97117],[60.00169,51.9933],[60.1981,51.99078],[60.34025,52.05485],[60.5104,52.15692],[60.71666,52.15606],[60.77005,52.20565],[60.78049,52.22906],[60.8368,52.23011],[60.94425,52.26637],[60.97895,52.28832],[61.01065,52.32607],[61.06735,52.3476],[60.99118,52.42363],[60.98097,52.50769],[60.84144,52.52173],[60.84341,52.64111],[60.76146,52.62669],[60.74425,52.63179],[60.74436,52.65147],[60.71489,52.66261],[60.71222,52.76453],[60.83415,52.77415],[60.88526,52.82167],[60.87222,52.83278],[60.94097,52.84794],[60.97376,52.86763],[60.98423,52.88524],[61.07332,52.92324],[61.0291,52.95088],[61.00796,52.97828],[61.04929,52.98082],[61.11225,52.96921],[61.12077,52.98666],[61.1437,52.99873],[61.25043,53.03591],[61.30592,52.99622],[61.38909,52.99196],[61.46969,53.03621],[61.55715,53.01212],[61.63213,52.95393],[61.6732,52.96854],[61.70177,52.99821],[61.71656,52.99144],[61.83418,52.99286],[61.84972,53.00397],[61.96069,52.95003],[62.03001,52.95095],[62.13027,52.98936],[62.14704,53.0683],[62.11886,53.11197],[62.02511,53.14246],[61.91505,53.14181],[61.78336,53.1843],[61.74995,53.2066],[61.73151,53.23905],[61.6731,53.2659],[61.63834,53.25009],[61.63016,53.22328],[61.52671,53.21525],[61.45647,53.23865],[61.40036,53.27369],[61.34094,53.28491],[61.22514,53.28283],[61.17705,53.31096],[61.15471,53.40555],[61.2157,53.4314],[61.22912,53.48413],[61.25865,53.50804],[61.32391,53.51937],[61.31385,53.507],[61.3577,53.49328],[61.36632,53.46736],[61.42752,53.45575],[61.42634,53.46239],[61.45425,53.46835],[61.4648,53.46165],[61.48989,53.47585],[61.5175,53.47347],[61.51574,53.49269],[61.53128,53.50482],[61.56602,53.49725],[61.56831,53.50446],[61.55851,53.50736],[61.59232,53.526],[61.58094,53.5405],[61.56417,53.53875],[61.55276,53.59266],[61.3909,53.60188],[61.34951,53.55871],[61.21555,53.56364],[61.12674,53.58967],[61.12091,53.61549],[60.90043,53.6278],[60.89634,53.66761],[60.9953,53.67294],[60.99845,53.65075],[61.04228,53.65297],[61.05841,53.72143],[61.11518,53.72155],[61.16958,53.77248],[61.22719,53.79567],[61.23673,53.84173],[61.21043,53.8383],[61.20759,53.84705],[61.17969,53.85239],[61.13536,53.90424],[61.05747,53.89413],[61.03652,53.9085],[60.99538,53.90662],[60.99726,53.93603],[61.02843,53.95528],[61.05565,53.95869],[61.06457,53.94493],[61.07988,53.94463],[61.08826,53.95621],[61.08006,53.97052],[61.18071,53.97221],[61.17185,53.94252],[61.2065,53.91814],[61.27993,53.92886],[61.26415,53.96874],[61.27289,53.99139],[61.24247,54.02848],[61.24555,54.03767],[61.26595,54.0412],[61.29357,54.07388],[61.349,54.07299],[61.40059,54.08686],[61.48057,54.08277],[61.47356,54.07026],[61.48336,54.05054],[61.48,54.02997],[61.55096,54.01214],[61.54127,54.00798],[61.56978,54.00787],[61.57187,53.9685],[61.61179,53.96847],[61.61385,53.99047],[61.66018,54.02982],[61.66723,54.01707],[61.72578,54.0299],[61.74609,54.00039],[61.7822,53.98456],[61.81866,54.01915],[61.84591,54.03172],[61.85026,54.00844],[61.87181,54.01638],[61.89297,54.00908],[61.85745,53.96206],[61.93196,53.95024],[62.04419,53.94849],[62.01575,54.00879],[62.00606,54.03781],[62.01329,54.03985],[62.06023,54.03808],[62.07511,54.051],[62.16545,54.03739],[62.17546,54.02857],[62.21742,54.03935],[62.33922,54.03227],[62.3894,54.0478],[62.41925,54.04721],[62.49391,54.03249],[62.45671,54.01378],[62.39468,54.00339],[62.44583,53.92713],[62.4748,53.93145],[62.51661,53.91353],[62.56007,53.93816],[62.58419,53.96367],[62.57838,53.97019],[62.58739,53.98675],[62.59804,53.98821],[62.58096,54.00584],[62.56869,54.04667],[62.59477,54.07388],[62.61519,54.07216],[62.66208,54.09237],[62.76528,54.09243],[62.7983,54.10044],[62.80606,54.11181],[62.85902,54.11771],[63.0813,54.10436],[63.1556,54.12662],[63.15401,54.14076],[63.16907,54.15301],[63.15032,54.16305],[63.15693,54.17684],[63.15085,54.1821],[63.1706,54.19363],[63.20584,54.1858],[63.22311,54.18913],[63.2243,54.19762],[63.2624,54.19067],[63.32793,54.20208],[63.35459,54.18878],[63.38013,54.19466],[63.39822,54.18814],[63.45683,54.19607],[63.48923,54.20616],[63.4928,54.21571],[63.51603,54.206],[63.52659,54.21607],[63.5385,54.20943],[63.57902,54.2177],[63.64499,54.24261],[63.79404,54.27186],[63.89772,54.21643],[63.91223,54.19839],[63.94202,54.20596],[63.96142,54.20034],[64.00451,54.21138],[64.02127,54.23033],[63.97824,54.27869],[63.97618,54.29191],[63.98541,54.29075],[63.98682,54.30123],[64.02322,54.30654],[64.01772,54.30153],[64.02579,54.29963],[64.01189,54.29151],[64.02888,54.2834],[64.06802,54.29863],[64.0663,54.30974],[64.07866,54.31295],[64.07112,54.31789],[64.17107,54.30705],[64.21451,54.32373],[64.23494,54.31727],[64.3559,54.33677],[64.41941,54.32646],[64.45692,54.33271],[64.46221,54.35915],[64.47951,54.36636],[64.52292,54.35438],[64.54544,54.36489],[64.56806,54.36217],[64.56425,54.36773],[64.57662,54.37414],[64.59918,54.37415],[64.59068,54.3809],[64.61127,54.38618],[64.60453,54.3909],[64.61646,54.39846],[64.65852,54.36055],[64.69714,54.36464],[64.73865,54.35392],[64.97479,54.42418],[65.0702,54.36552],[65.10424,54.33453],[65.19094,54.34286],[65.22196,54.33429],[65.26272,54.36242],[65.23919,54.37575],[65.22201,54.43699],[65.20091,54.45218],[65.20128,54.46585],[65.21831,54.47035],[65.22334,54.49007],[65.21445,54.54139],[65.26361,54.54662],[65.30603,54.5684],[65.3579,54.5774],[65.42588,54.58122],[65.4647,54.56645],[65.50383,54.57092],[65.49483,54.59665],[65.45645,54.62438],[65.46484,54.64227],[65.48955,54.65554],[65.53052,54.64952],[65.55375,54.63616],[65.63309,54.64078],[65.74729,54.60742],[65.77968,54.61234],[65.78225,54.6249],[65.7997,54.62402],[65.83077,54.65316],[65.84529,54.69724],[65.98178,54.71704],[65.96419,54.63782],[65.99864,54.62515],[66.38172,54.70372],[66.65212,54.7433],[66.7313,54.7386],[66.792,54.7649],[66.8639,54.7759],[66.9976,54.7857],[67.0524,54.7783],[67.1069,54.8087],[67.28235,54.82591],[67.29026,54.86232],[67.33305,54.87331],[67.39852,54.8554],[67.51724,54.86192],[67.56353,54.84439],[67.64347,54.86533],[67.69174,54.86332],[67.77353,54.88596],[67.81946,54.97123],[67.91086,54.98369],[68.03256,54.95046],[68.23513,54.96905],[68.23406,54.97736],[68.19671,54.99011],[68.23811,55.0147],[68.23774,55.05377],[68.31279,55.06754],[68.31555,55.07669],[68.2722,55.08481],[68.25673,55.10059],[68.25891,55.11359],[68.24071,55.11268],[68.1921,55.15022],[68.21918,55.15484],[68.21018,55.1777],[68.1775,55.17767],[68.17743,55.19889],[68.23999,55.18715],[68.28074,55.2044],[68.30459,55.20348],[68.31837,55.18614],[68.35389,55.181],[68.3588,55.20646],[68.44519,55.19653],[68.59533,55.21944],[68.60025,55.20087],[68.62019,55.19827],[68.64915,55.20855],[68.64538,55.21746],[68.65945,55.2358],[68.6368,55.24219],[68.63551,55.26532],[68.69687,55.28884],[68.71025,55.30741],[68.70291,55.32562],[68.72265,55.3255],[68.7175,55.3541],[68.7521,55.3768],[68.9399,55.3185],[68.9619,55.3257],[68.9887,55.2837],[69.0092,55.2853],[69.0029,55.3257],[68.9824,55.3644],[68.9193,55.3678],[68.935,55.4398],[68.9855,55.4416],[68.9855,55.4227],[69.0471,55.4236],[69.1733,55.3822],[69.2061,55.3301],[69.3197,55.346],[69.3627,55.389],[69.4225,55.3807],[69.4272,55.3745],[69.416,55.3556],[69.4945,55.3364],[69.53863,55.33637],[69.54993,55.35107],[69.65983,55.34957],[69.66059,55.35994],[69.63452,55.36676],[69.63692,55.38108],[69.62145,55.39583],[69.58182,55.41666],[69.5848,55.4343],[69.65609,55.43542],[69.66902,55.44843],[69.67635,55.4804],[69.68383,55.35071],[69.7829,55.3358],[69.7937,55.323],[69.8671,55.2957],[69.9517,55.2097],[70.0631,55.207],[70.1063,55.1761],[70.2011,55.1474],[70.2294,55.1471],[70.29498,55.19292],[70.40124,55.21459],[70.41041,55.25408],[70.4612,55.28583],[70.478,55.27294],[70.6241,55.2503],[70.6996,55.287],[70.8161,55.288],[70.8267,55.2779],[70.8043,55.2694],[70.8819,55.1801],[70.9298,55.164],[70.9248,55.1256],[71.0245,55.0825],[70.9924,55.0669],[70.9916,55.0509],[71.0057,55.0505],[71.0072,55.0181],[70.9957,55.0067],[70.9963,54.9878],[70.9804,54.9817],[71.0092,54.9651],[70.9966,54.9321],[70.9601,54.8859],[70.9946,54.8584],[71.0222,54.8499],[71.0287,54.8246],[71.0126,54.8131],[71.0289,54.7986],[71.0355,54.7742],[71.0992,54.7136],[71.0984,54.6994],[71.2103,54.7019],[71.211,54.6866],[71.2389,54.6861],[71.2409,54.6656],[71.2936,54.6662],[71.2884,54.6016],[71.2113,54.6067],[71.1688,54.5645],[71.1739,54.4571],[71.2049,54.4585],[71.2003,54.4029],[71.2342,54.4021],[71.2267,54.3494],[71.1975,54.3501],[71.1979,54.3284],[71.2071,54.3273],[71.1999,54.3077],[71.1113,54.3191],[71.112,54.3326],[70.9983,54.3338],[70.9999,54.2725],[71.0736,54.2723],[71.0732,54.2021],[71.0563,54.2024],[71.0556,54.188],[71.1105,54.1834],[71.1048,54.162],[71.1353,54.1598],[71.126,54.1266],[71.1764,54.0917],[71.2771,54.1472],[71.2974,54.1827],[71.3876,54.179],[71.3882,54.1639],[71.4904,54.1566],[71.4899,54.0971],[71.6118,54.1145],[71.6199,54.0972],[71.6749,54.0976],[71.6756,54.1083],[71.7227,54.1038],[71.7669,54.1468],[71.7265,54.1846],[71.7555,54.2522],[71.9134,54.2269],[71.9348,54.2264],[71.9512,54.2413],[72.0617,54.2005],[72.0576,54.1932],[72.0765,54.1857],[72.0738,54.1801],[72.1113,54.1702],[72.1008,54.1459],[72.1743,54.1223],[72.1832,54.127],[72.2255,54.1801],[72.0975,54.2148],[72.1119,54.2709],[72.1315,54.2759],[72.1328,54.302],[72.0756,54.3285],[72.042,54.3249],[72.0424,54.3411],[72.0126,54.3693],[72.19343,54.35812],[72.27977,54.31721],[72.30049,54.29382],[72.2914,54.2498],[72.33795,54.24581],[72.3092,54.1892],[72.4003,54.1544],[72.5175,54.1406],[72.5054,54.1116],[72.4393,54.1182],[72.4327,54.1011],[72.3789,54.1054],[72.3712,54.0818],[72.4068,54.0746],[72.3977,54.05],[72.4331,54.0447],[72.4168,53.9874],[72.3752,53.9462],[72.4305,53.9141],[72.49327,53.90347],[72.556,53.9797],[72.7052,53.9565],[72.7146,54.007],[72.6744,54.0449],[72.5717,54.051],[72.5648,54.0392],[72.5309,54.043],[72.5602,54.1164],[72.61285,54.12196],[72.60879,54.13684],[72.82567,54.12068],[72.83167,54.09798],[72.99458,54.09841],[72.97866,54.04949],[73.05968,54.04015],[73.05773,54.032],[73.07221,54.03004],[73.06697,53.98554],[73.19918,53.96932],[73.3,53.9431],[73.4035,53.9452],[73.40451,53.97851],[73.5225,53.9399],[73.5374,53.9499],[73.52199,53.96535],[73.5188,54.00325],[73.57815,54.01448],[73.60962,54.00841],[73.65797,54.04638],[73.63003,54.07092],[73.70366,54.06595],[73.70012,54.04884],[73.76788,54.05382],[73.69108,53.85607],[73.45309,53.8761],[73.42924,53.84818],[73.42916,53.82303],[73.44913,53.80732],[73.3427,53.7881],[73.35557,53.76616],[73.32272,53.67607],[73.25306,53.67406],[73.25541,53.64125],[73.27771,53.63955],[73.23843,53.56758],[73.3417,53.5448],[73.34608,53.53411],[73.39788,53.52215],[73.38712,53.48873],[73.3625,53.46747],[73.43872,53.4355],[73.58018,53.51962],[73.59404,53.55931],[73.64551,53.55292],[73.66676,53.61328],[73.74793,53.60707],[73.82135,53.57839],[73.90115,53.65122],[74.07175,53.62959],[74.0526,53.56652],[74.1471,53.5558],[74.16294,53.60138],[74.24262,53.58796],[74.23469,53.56967],[74.28685,53.56078],[74.2685,53.52363],[74.30474,53.51776],[74.29145,53.49149],[74.3906,53.45598],[74.4865,53.5694],[74.48754,53.57558],[74.44855,53.58089],[74.4515,53.5889],[74.42104,53.59332],[74.45842,53.69093],[74.6426,53.6724],[74.6737,53.7553],[74.7632,53.7437],[74.7946,53.8245],[74.97406,53.82263],[74.98414,53.81159],[75.04658,53.7927],[75.33168,53.94232],[75.37746,53.95956],[75.41094,53.95964],[75.41086,53.97232],[75.44107,53.97233],[75.44081,54.00847],[75.37559,54.0701],[75.52901,54.11507],[75.59811,54.09879],[76.20139,54.2598],[76.22782,54.2761],[76.18648,54.30155],[76.22929,54.32322],[76.25729,54.35927],[76.35206,54.334],[76.47593,54.31824],[76.59816,54.34309],[76.60759,54.33562],[76.64568,54.33678],[76.67481,54.345],[76.69128,54.37501],[76.73047,54.40274],[76.72976,54.41803],[76.79553,54.41902],[76.84414,54.43967],[76.92896,54.45777],[76.93953,54.43792],[76.93582,54.42569],[76.95246,54.41577],[76.78072,54.37765],[76.78808,54.36004],[76.82075,54.36811],[76.8602,54.36114],[76.87857,54.30176],[76.86477,54.28617],[76.82871,54.27415],[76.83546,54.26268],[76.82784,54.22488],[76.74937,54.18303],[76.75647,54.16183],[76.64502,54.12445],[76.61628,54.162],[76.58268,54.14879],[76.44044,54.16733],[76.43492,54.12257],[76.49828,54.07125],[76.5041,54.03179],[76.52939,54.01719],[76.53783,53.99985],[77.33913,53.59493],[77.90651,53.29141],[78.3786,52.80764],[78.76379,52.37759],[79.08674,52.03931],[79.53269,51.46646],[80.07587,50.73821],[80.06393,50.8091],[80.06798,50.85289],[80.08341,50.85295],[80.08304,50.82817],[80.18492,50.82737],[80.19295,50.90037],[80.24419,50.89931],[80.2454,50.91854],[80.37597,50.92712],[80.42108,50.96205],[80.48224,50.96869],[80.48222,51.10943],[80.45452,51.10916],[80.4532,51.11782],[80.43648,51.119],[80.43365,51.13516],[80.44709,51.20829],[80.6347,51.2068],[80.63511,51.26279],[80.67767,51.31675],[80.91003,51.25871],[80.94061,51.25926],[80.9198,51.21903],[81.04602,51.18963],[81.04709,51.18146],[81.10253,51.18016],[81.11516,51.21152],[81.14636,51.21188],[81.17444,51.1828],[81.17698,51.16171],[81.16495,51.15402],[81.17291,51.14163],[81.14182,51.0791],[81.10293,51.06057],[81.05976,50.9479],[81.17918,50.9576],[81.19092,50.95107],[81.23223,50.96326],[81.26641,50.96176],[81.29296,50.97457],[81.41259,50.97574],[81.41352,50.92986],[81.43541,50.92986],[81.43556,50.91081],[81.44284,50.91077],[81.44273,50.89188],[81.42133,50.88178],[81.42125,50.87243],[81.43576,50.87237],[81.43562,50.86315],[81.47168,50.86257],[81.47172,50.84341],[81.48599,50.82418],[81.46105,50.80208],[81.44934,50.75593],[81.52506,50.75795],[81.5825,50.74239],[81.72783,50.76013],[81.75543,50.7818],[81.77586,50.82092],[81.78957,50.81657],[81.79678,50.77198],[81.88542,50.80431],[82.01257,50.78575],[82.07838,50.75084],[82.17216,50.7468],[82.1727,50.73006],[82.22408,50.73685],[82.27038,50.76979],[82.29586,50.76938],[82.31674,50.75296],[82.35731,50.7846],[82.40829,50.76384],[82.47182,50.75612],[82.48521,50.74226],[82.56747,50.74684],[82.60546,50.776],[82.70153,50.8122],[82.70647,50.8319],[82.73919,50.85043],[82.71745,50.894],[82.73141,50.90721],[82.73282,50.92727],[82.83799,50.91803],[82.87889,50.89753],[82.91105,50.90768],[82.97964,50.88385],[83.00599,50.9252],[83.05896,50.93461],[83.11248,50.96595],[83.12231,50.98452],[83.12102,51.011],[83.17504,51.01157],[83.20205,50.99334],[83.28444,51.01504],[83.3582,51.00755],[83.3663,50.99861],[83.40431,51.01314],[83.43245,51.00938],[83.43981,51.00495],[83.43022,50.98671],[83.44748,50.97714],[83.49951,50.97663],[83.50692,50.94972],[83.53759,50.96087],[83.58429,50.94672],[83.5977,50.96073],[83.63023,50.9436],[83.6487,50.95478],[83.70357,50.89621],[83.83367,50.88002],[83.8488,50.85618],[83.877,50.84721],[83.87626,50.8385],[83.91049,50.81626],[83.97266,50.7954],[83.97622,50.77994],[83.95169,50.76357],[83.94892,50.75056],[83.96611,50.72799],[83.98927,50.70871],[84.02322,50.69786],[84.11529,50.60919],[84.14496,50.60597],[84.15687,50.58734],[84.15175,50.57394],[84.17208,50.56341],[84.16914,50.55174],[84.23058,50.54024],[84.24871,50.51557],[84.23531,50.50421],[84.23257,50.48307],[84.20397,50.46897],[84.21645,50.43423],[84.24199,50.40866],[84.24203,50.37685],[84.26956,50.35375],[84.26176,50.32557],[84.27203,50.32066],[84.25068,50.29251],[84.28065,50.26154],[84.31832,50.24703],[84.32585,50.22858],[84.36252,50.20546],[84.39107,50.21583],[84.40985,50.20923],[84.4568,50.24726],[84.50281,50.23147],[84.53026,50.20604],[84.56752,50.19684],[84.58117,50.20807],[84.62819,50.21068],[84.69201,50.18862],[84.75772,50.1369],[84.80523,50.1472],[84.82537,50.14298],[84.81342,50.13616],[84.81391,50.12077],[84.8507,50.0939],[84.88659,50.10422],[84.92399,50.09216],[84.94583,50.09661],[84.97483,50.06696],[85.03554,50.05249],[85.03537,50.01888],[85.04926,50.0104],[84.97805,49.97629],[84.99473,49.97013],[84.97295,49.95428],[84.98493,49.94992],[84.97811,49.94253],[84.98549,49.90677],[85.0597,49.88504],[85.10043,49.85212],[85.10161,49.82421],[85.14457,49.79642],[85.1395,49.78538],[85.14875,49.76791],[85.1657,49.76908],[85.17529,49.75456],[85.20337,49.74527],[85.19858,49.73719],[85.21553,49.71853],[85.20546,49.70986],[85.21494,49.68907],[85.20363,49.65744],[85.21635,49.63702],[85.21012,49.62709],[85.25451,49.62726],[85.26467,49.61979],[85.25752,49.58852],[85.32126,49.59085],[85.38844,49.6348],[85.49021,49.59813],[85.55329,49.59441],[85.58991,49.61438],[85.62165,49.60087],[85.62723,49.57779],[85.67769,49.5504],[85.69393,49.56412],[85.75689,49.57715],[85.80991,49.56588],[85.8055,49.55735],[85.82622,49.54425],[85.88374,49.56691],[85.94428,49.56133],[85.94945,49.55378],[85.92941,49.53587],[85.96899,49.48712],[86.02451,49.50373],[86.0372,49.52185],[86.11292,49.52438],[86.16634,49.5033],[86.17391,49.47898],[86.20204,49.46611],[86.22827,49.49519],[86.23941,49.52544],[86.267,49.54654],[86.2716,49.5827],[86.31591,49.59928],[86.36182,49.5924],[86.42,49.60759],[86.42861,49.62935],[86.48845,49.65791],[86.50836,49.67822],[86.50924,49.69095],[86.58229,49.72414],[86.57842,49.73392],[86.60241,49.74405],[86.6105,49.76893],[86.59021,49.80559],[86.68837,49.8109],[86.73586,49.78715],[86.7811,49.79435],[86.77475,49.768],[86.753,49.74239],[86.77892,49.69602],[86.73842,49.68842],[86.72419,49.67665],[86.69972,49.68497],[86.66573,49.6655],[86.65326,49.65249],[86.65916,49.64379],[86.61555,49.62852],[86.59758,49.60952],[86.61825,49.57038],[86.6659,49.56027],[86.6824,49.56906],[86.73951,49.57117],[86.82717,49.54543],[86.81485,49.53232],[86.85105,49.51062],[86.85542,49.49914],[86.82972,49.48174],[86.83866,49.46272],[86.83338,49.45225],[86.94733,49.40962],[86.93627,49.40019],[86.9492,49.37994],[86.92472,49.36982],[86.92647,49.34888],[86.95413,49.33524],[86.97099,49.30585],[87.00605,49.29886],[87.03072,49.25288],[87.12827,49.25605],[87.14172,49.24591],[87.19832,49.2525],[87.26932,49.23257],[87.30967,49.23389],[87.31563,49.23108],[87.29159,49.20177],[87.30381,49.17218],[87.28996,49.156],[87.29946,49.14866],[87.28579,49.11587],[87.32132,49.10096],[87.38043,49.09307],[87.42735,49.07132],[87.45447,49.08569],[87.50323,49.09253],[87.50564,49.11725],[87.49285,49.13852],[87.52324,49.14442],[87.56567,49.13497],[87.59916,49.14925],[87.67052,49.15207],[87.69502,49.17574],[87.73755,49.17611],[87.75112,49.16717],[87.7785,49.17873],[87.80586,49.16848],[87.82323,49.17782],[87.87497,49.17143],[87.98844,49.18302],[88.01798,49.2263],[88.05641,49.24108],[88.05476,49.25839],[88.10671,49.25657],[88.12631,49.2786],[88.17011,49.29357],[88.15812,49.31647],[88.17,49.32549],[88.1544,49.33724],[88.16559,49.34038],[88.16045,49.36276],[88.12413,49.37293],[88.11876,49.3908],[88.18438,49.41593],[88.16559,49.44545],[88.22178,49.47966],[88.23743,49.47463],[88.26325,49.48238],[88.29774,49.4709],[88.3179,49.47512],[88.3312,49.4935],[88.368,49.48385],[88.4059,49.4946],[88.445,49.4726],[88.4949,49.4719],[88.5992,49.5009],[88.6323,49.4954],[88.6836,49.4622],[88.7328,49.4515],[88.7496,49.4603],[88.8022,49.4604],[88.8429,49.4416],[88.8628,49.4595],[88.8534,49.4667],[88.8801,49.4781],[88.8571,49.4918],[88.87968,49.51377],[88.87767,49.54092],[88.86961,49.54674],[88.90009,49.55896],[88.9295,49.5429],[88.9326,49.5168],[88.9595,49.5],[88.96,49.4776],[88.9708,49.4657],[89.0136,49.4696],[89.035,49.4861],[89.0749,49.4845],[89.1476,49.5021],[89.1621,49.5174],[89.1953,49.5202],[89.2327,49.5537],[89.19147,49.58602],[89.19963,49.60433],[89.1824,49.6229],[89.19364,49.63468],[89.241,49.6452],[89.345,49.5918],[89.3431,49.5828],[89.36,49.5844],[89.391,49.5953],[89.3846,49.6062],[89.40527,49.62113],[89.42735,49.61938],[89.46156,49.66622],[89.49656,49.66504],[89.55306,49.68541],[89.6074,49.686],[89.7192,49.7283],[89.71188,49.7901],[89.67345,49.78348],[89.62446,49.80637],[89.62505,49.81801],[89.65104,49.82644],[89.63977,49.83551],[89.64319,49.84335],[89.61174,49.86352],[89.61487,49.87784],[89.63076,49.88534],[89.63088,49.89934],[89.59357,49.91229],[89.70596,49.94394],[89.86142,49.95944],[89.88276,49.953],[89.97483,49.97126],[90.0173,49.99047],[90.022,50.00122],[90.03156,49.99864],[90.0051,50.0318],[90.0077,50.0579],[90.06695,50.08315],[90.16521,50.10816],[90.20881,50.10266],[90.2852,50.11092],[90.38889,50.19264],[90.4528,50.1971],[90.4815,50.2103],[90.4834,50.2282],[90.5041,50.2351],[90.5807,50.2439],[90.6182,50.224],[90.6489,50.2255],[90.6733,50.2143],[90.7308,50.2434],[90.7064,50.3129],[90.7726,50.3377],[90.7956,50.3264],[90.8293,50.3569],[90.8481,50.3454],[90.8785,50.3569],[90.9056,50.3482],[90.9116,50.3726],[90.903,50.4084],[90.9208,50.4185],[91.0932,50.436],[91.16,50.4201],[91.2933,50.4696],[91.4094,50.4506],[91.39742,50.47507],[91.44137,50.49442],[91.4539,50.5106],[91.4582,50.552],[91.5017,50.5597],[91.5292,50.5834],[91.6491,50.5885],[91.6489,50.6424],[91.7224,50.6972],[91.7925,50.724],[91.8559,50.7354],[92.0717,50.69582],[92.17214,50.70626],[92.27017,50.72936],[92.306,50.7616],[92.2955,50.7974],[92.3234,50.8335],[92.3057,50.8756],[92.3482,50.8849],[92.3996,50.8643],[92.4029,50.8312],[92.4587,50.79],[92.5793,50.7906],[92.6135,50.762],[92.5883,50.7259],[92.6465,50.7055],[92.754,50.7275],[92.7624,50.7444],[92.7566,50.7759],[92.7877,50.8056],[92.8557,50.8084],[92.9196,50.7905],[93.0089,50.7932],[93.0231,50.7779],[93.0259,50.7267],[92.9594,50.6619],[93.0103,50.6062],[93.057,50.6188],[93.1275,50.5846],[93.1445,50.6034],[93.225,50.5898],[93.249,50.5941],[93.2533,50.605],[93.3297,50.621],[93.3635,50.6119],[93.4173,50.6243],[93.4103,50.637],[93.5147,50.6177],[93.5218,50.6133],[93.5173,50.5979],[93.5272,50.5942],[93.5683,50.6048],[93.6347,50.6045],[93.6965,50.5851],[93.8591,50.5968],[93.9408,50.5844],[93.9977,50.6046],[94.24041,50.58776],[94.27279,50.57621],[94.33629,50.53301],[94.33205,50.51856],[94.34986,50.46038],[94.38826,50.21979],[94.4151,50.2049],[94.4655,50.2014],[94.5067,50.1748],[94.5397,50.1152],[94.5954,50.0668],[94.607,50.037],[94.7809,50.0577],[94.9775,50.05],[94.9952,50.0407],[95.0111,49.9854],[95.0344,49.9762],[95.0826,49.9635],[95.4364,49.9578],[95.4683,49.9283],[95.52152,49.90403],[95.52259,49.91632],[95.53881,49.92007],[95.56627,49.94857],[95.65243,49.95663],[95.65713,49.96532],[95.72039,49.97405],[95.72731,49.98939],[95.74982,49.97297],[95.77816,49.9737],[95.76232,50.00461],[95.7737,50.0301],[95.8528,50.0461],[95.9074,50.025],[95.9097,49.9944],[95.9806,49.9683],[96.0237,50.0023],[96.0667,50.0097],[96.1417,49.9846],[96.2648,49.9769],[96.2743,49.9581],[96.2956,49.955],[96.3103,49.9408],[96.3352,49.9441],[96.347,49.9318],[96.3496,49.9103],[96.4184,49.8731],[96.4351,49.8744],[96.4706,49.9131],[96.5219,49.9446],[96.5527,49.9408],[96.589,49.884],[96.6119,49.8719],[96.6473,49.887],[96.6468,49.8978],[96.7289,49.9273],[96.8585,49.8947],[96.9796,49.8951],[96.9996,49.8828],[97.00968,49.83355],[97.11744,49.81979],[97.12953,49.81343],[97.1297,49.7924],[97.1747,49.7787],[97.2244,49.7462],[97.3312,49.7559],[97.3581,49.7806],[97.3953,49.7892],[97.4177,49.7841],[97.5002,49.8104],[97.5354,49.8406],[97.5807,49.8599],[97.5842,49.8861],[97.5683,49.9049],[97.5792,49.9139],[97.5507,49.9261],[97.5731,49.9318],[97.5797,49.9426],[97.6174,49.9413],[97.7004,49.9611],[97.7098,49.9747],[97.7472,49.9834],[97.7621,50.0005],[97.7804,49.9936],[97.7925,49.9587],[97.815,49.9507],[97.8296,49.923],[97.8617,49.9168],[97.8866,49.9235],[97.8949,49.929],[97.8678,49.9539],[97.8674,49.972],[97.8978,49.984],[97.9342,49.9781],[97.9783,50.0018],[97.989,50.0226],[98.0699,50.0359],[98.0637,50.07],[98.1027,50.0775],[98.1204,50.1002],[98.1127,50.1387],[98.1491,50.1343],[98.1768,50.1519],[98.1849,50.1725],[98.1692,50.1895],[98.1774,50.2005],[98.2107,50.2212],[98.2214,50.2501],[98.2544,50.2889],[98.3072,50.3261],[98.2875,50.3305],[98.3054,50.3559],[98.2795,50.3961],[98.2654,50.4005],[98.2652,50.4123],[98.3249,50.4656],[98.3315,50.4981],[98.2906,50.4988],[98.2647,50.5311],[98.2773,50.5427],[98.2234,50.5559],[98.2123,50.5459],[98.1811,50.5538],[98.1527,50.568],[98.1267,50.5965],[98.0913,50.5999],[98.008,50.6692],[98.0245,50.6919],[97.9974,50.6989],[97.991,50.733],[97.9708,50.7499],[97.9786,50.7841],[97.9497,50.8081],[98.0087,50.8365],[98.03334,50.86471],[97.99868,50.87575],[97.98515,50.89047],[97.96454,50.88943],[97.94228,50.91502],[97.89489,50.92437],[97.90026,50.9272],[97.85651,50.96173],[97.86193,50.97499],[97.85248,50.9936],[97.82466,51.01021],[97.83431,51.0276],[97.87123,51.05144],[97.86741,51.06484],[97.87884,51.07729],[97.8716,51.08071],[97.9011,51.11736],[97.8939,51.1267],[97.8991,51.1494],[97.9175,51.155],[97.9393,51.202],[97.9408,51.2632],[97.962,51.2758],[97.9645,51.292],[97.9535,51.3342],[97.9772,51.3649],[98.0211,51.3941],[98.0501,51.4502],[98.126,51.4713],[98.1809,51.4546],[98.1866,51.4618],[98.2241,51.4567],[98.2563,51.5117],[98.2574,51.5296],[98.2341,51.5476],[98.245,51.58],[98.2204,51.587],[98.2232,51.5951],[98.2477,51.5971],[98.2748,51.6161],[98.3284,51.6973],[98.3559,51.7011],[98.354,51.7315],[98.3785,51.7398],[98.4523,51.7366],[98.5156,51.7739],[98.5328,51.7981],[98.5546,51.7902],[98.6038,51.7937],[98.6124,51.8063],[98.6645,51.8258],[98.6805,51.8203],[98.7643,51.8699],[98.7799,51.9418],[98.809,51.9581],[98.8071,52.0],[98.8196,52.0147],[98.8065,52.0255],[98.8413,52.0588],[98.8397,52.0983],[98.8572,52.1136],[98.8542,52.129],[98.9111,52.1496],[98.96922,52.1434],[99.025,52.0634],[99.0807,52.0623],[99.1214,52.0238],[99.1695,52.0345],[99.219,52.0254],[99.2379,52.0101],[99.2802,52.0226],[99.2742,52.0],[99.2572,51.993],[99.2746,51.9822],[99.2615,51.9779],[99.2629,51.966],[99.337,51.9524],[99.3485,51.9388],[99.3646,51.9523],[99.4475,51.9511],[99.4661,51.9259],[99.7478,51.9037],[99.8263,51.8279],[99.8715,51.7652],[99.9655,51.7573],[99.9957,51.7391],[100.0419,51.7297],[100.1481,51.7539],[100.2027,51.7382],[100.2551,51.7463],[100.2707,51.7364],[100.3734,51.7335],[100.407,51.744],[100.4138,51.7276],[100.4311,51.7256],[100.50529,51.74961],[100.52686,51.74986],[100.53246,51.7372],[100.58487,51.74026],[100.59697,51.71851],[100.65745,51.72606],[100.66851,51.70663],[100.69128,51.71088],[100.73816,51.67836],[100.8103,51.66246],[100.82317,51.64885],[100.8504,51.64844],[100.86295,51.64192],[100.85754,51.63388],[100.93209,51.60703],[100.95812,51.61607],[100.98992,51.61355],[101.0193,51.59539],[101.01828,51.5705],[101.06492,51.57009],[101.07863,51.55965],[101.10459,51.59142],[101.1034,51.5806],[101.12412,51.56291],[101.1269,51.5272],[101.141,51.5215],[101.1658,51.5283],[101.1957,51.5196],[101.2256,51.5415],[101.2487,51.542],[101.2901,51.5052],[101.3576,51.4742],[101.3541,51.4617],[101.3638,51.4543],[101.437,51.451],[101.4606,51.4892],[101.526,51.4986],[101.5565,51.479],[101.628,51.4703],[101.6122,51.4445],[101.7523,51.4548],[101.7961,51.4403],[101.8147,51.4156],[101.8454,51.4202],[101.8875,51.4039],[101.9229,51.4174],[101.9582,51.4085],[101.9673,51.3929],[102.0,51.3867],[102.0204,51.3946],[102.1056,51.3651],[102.1861,51.2944],[102.164,51.2802],[102.1193,51.2836],[102.1075,51.2437],[102.1345,51.2246],[102.1385,51.2051],[102.1586,51.1821],[102.1366,51.1671],[102.1323,51.1437],[102.1374,51.1086],[102.1672,51.0879],[102.1501,51.065],[102.2049,51.0303],[102.2261,50.986],[102.244,50.9719],[102.2195,50.9534],[102.2457,50.8955],[102.2163,50.8652],[102.2178,50.8148],[102.2833,50.7867],[102.3388,50.7332],[102.3411,50.7188],[102.3068,50.6992],[102.3035,50.6829],[102.3426,50.6667],[102.3853,50.6623],[102.3918,50.6462],[102.4444,50.642],[102.4648,50.6045],[102.5421,50.5839],[102.5518,50.5616],[102.5431,50.5389],[102.6114,50.499],[102.6198,50.4434],[102.6627,50.4011],[102.7414,50.4036],[102.75886,50.37877],[102.82796,50.35548],[102.84604,50.33211],[102.8951,50.331],[102.9298,50.31],[103.0295,50.3081],[103.081,50.3189],[103.1445,50.3117],[103.1942,50.3342],[103.2383,50.3187],[103.2774,50.2854],[103.2521,50.2497],[103.2749,50.2383],[103.2618,50.2138],[103.2707,50.1942],[103.3255,50.195],[103.4131,50.2142],[103.458,50.2112],[103.5173,50.1967],[103.5388,50.1792],[103.5768,50.1742],[103.6168,50.1449],[103.6601,50.1472],[103.7207,50.1316],[103.752,50.1653],[103.8012,50.1588],[103.8395,50.1932],[103.9434,50.1816],[103.9563,50.1682],[104.0182,50.1517],[104.1359,50.1445],[104.2721,50.203],[104.2857,50.232],[104.3607,50.2646],[104.387,50.3097],[104.5217,50.3167],[104.5608,50.3068],[104.6605,50.3368],[104.6828,50.3667],[104.7574,50.3408],[104.7981,50.3434],[104.85,50.3652],[104.8851,50.4057],[104.9034,50.4113],[104.9695,50.403],[105.00763,50.38715],[105.088,50.38808],[105.10433,50.39818],[105.12022,50.38983],[105.16301,50.41265],[105.19832,50.41157],[105.25867,50.441],[105.26933,50.44704],[105.26924,50.46554],[105.35481,50.47927],[105.4427,50.4421],[105.52578,50.45783],[105.607,50.4311],[105.6451,50.4381],[105.7111,50.4278],[105.8211,50.4397],[105.8812,50.4168],[105.9839,50.4187],[106.06635,50.40005],[106.066,50.3766],[106.08466,50.3334],[106.1804,50.3404],[106.2634,50.3027],[106.41221,50.32949],[106.4369,50.3214],[106.4971,50.32422],[106.5036,50.3439],[106.5234,50.3499],[106.5638,50.3386],[106.6172,50.3388],[106.8096,50.3018],[107.0035,50.2042],[107.0157,50.1959],[107.0168,50.1563],[107.0558,50.1177],[107.0604,50.0944],[107.0855,50.0625],[107.1112,50.043],[107.1585,50.0387],[107.1756,50.0159],[107.2087,50.0079],[107.2371,49.9888],[107.2776,49.9887],[107.2938,50.0064],[107.3314,50.0067],[107.3969,49.9755],[107.4498,49.9737],[107.4782,49.9855],[107.4903,49.9754],[107.5209,49.9747],[107.5591,49.9848],[107.6013,49.9657],[107.642,49.9702],[107.6609,49.9599],[107.7116,49.9685],[107.7305,49.9825],[107.79422,49.93317],[107.81023,49.93723],[107.82874,49.96097],[107.84973,49.95223],[107.8532,49.93646],[107.9692,49.9416],[107.9704,49.9155],[107.9192,49.8754],[107.9444,49.8549],[107.9319,49.8319],[107.9367,49.8192],[107.9738,49.8129],[107.9816,49.8028],[107.9485,49.7848],[107.9698,49.7474],[107.9677,49.735],[107.9343,49.7114],[107.9471,49.6706],[107.9683,49.6548],[108.023,49.6734],[108.0349,49.6379],[108.0275,49.6223],[108.1308,49.5835],[108.1243,49.5771],[108.1611,49.5618],[108.1959,49.559],[108.2343,49.5402],[108.2978,49.5399],[108.3036,49.5103],[108.3306,49.4975],[108.3502,49.4656],[108.3564,49.4279],[108.4258,49.4135],[108.4381,49.3938],[108.431,49.3721],[108.4701,49.3612],[108.5175,49.3227],[108.5815,49.3348],[108.6081,49.3273],[108.6525,49.3473],[108.7178,49.3349],[108.7464,49.3416],[108.7962,49.3346],[108.8206,49.3432],[108.8488,49.3266],[108.8621,49.3377],[108.8912,49.3337],[108.9086,49.345],[108.9416,49.3462],[109.0581,49.3232],[109.1946,49.3523],[109.3455,49.3249],[109.39,49.30027],[109.4222,49.2944],[109.4325,49.2729],[109.4753,49.2674],[109.4996,49.2362],[109.5591,49.2208],[109.6838,49.226],[109.7939,49.2163],[109.8533,49.2016],[109.9026,49.2057],[110.0924,49.1831],[110.1998,49.1542],[110.3281,49.1991],[110.3905,49.2515],[110.4043,49.2489],[110.4142,49.2283],[110.5244,49.1901],[110.5518,49.1938],[110.7083,49.1701],[110.8193,49.182],[111.0787,49.2621],[111.2768,49.3104],[111.3748,49.3577],[111.5231,49.3232],[111.689,49.3842],[111.7799,49.3852],[111.8417,49.3742],[111.9575,49.3823],[112.1946,49.4466],[112.2783,49.4844],[112.4741,49.5225],[112.6889,49.5041],[112.7226,49.52],[112.7442,49.5079],[112.8234,49.5193],[112.9068,49.5685],[113.0439,49.6082],[113.1144,49.7014],[113.1283,49.7335],[113.1597,49.7536],[113.1623,49.7805],[113.2061,49.8283],[113.47392,49.93545],[113.4888,49.9736],[113.6361,49.991],[113.7427,50.0749],[113.8787,50.1049],[114.1784,50.243],[114.3388,50.2827],[114.4677,50.2335],[114.5142,50.2291],[114.6535,50.2472],[114.8567,50.217],[115.0075,50.1639],[115.0685,50.1091],[115.0677,50.0939],[115.0793,50.0833],[115.2239,49.9884],[115.3313,49.947],[115.5067,49.9071],[115.68248,49.8861],[115.74539,49.88718],[115.9829,49.9707],[116.0727,50.0137],[116.2355,50.0356],[116.3982,49.9809],[116.6216,49.9311],[116.7113,49.84183],[117.0614,49.6856],[117.27327,49.63085],[117.47157,49.62638],[117.63383,49.56473],[117.79343,49.52004],[117.83663,49.5419],[117.83373,49.52942],[117.86941,49.5085],[117.87049,49.51619],[117.88084,49.51374],[117.86918,49.53752],[117.8847,49.54346],[117.89306,49.59532],[117.94338,49.59371],[117.95422,49.60551],[117.94672,49.6082],[117.98094,49.62149],[118.00225,49.61248],[118.07396,49.61384],[118.08187,49.63239],[118.09945,49.63551],[118.09549,49.645],[118.11128,49.64602],[118.10391,49.65461],[118.11231,49.65463],[118.11568,49.66715],[118.10704,49.67099],[118.16552,49.65898],[118.16044,49.6657],[118.17348,49.67463],[118.17064,49.68213],[118.19834,49.68273],[118.2129,49.7022],[118.20382,49.71115],[118.22575,49.71553],[118.23494,49.73198],[118.2271,49.73631],[118.28407,49.7443],[118.2926,49.75066],[118.28638,49.75386],[118.3035,49.75931],[118.30585,49.77296],[118.3265,49.76392],[118.34439,49.77793],[118.38076,49.77792],[118.37201,49.78968],[118.38185,49.79156],[118.38192,49.80448],[118.39587,49.80424],[118.37833,49.82599],[118.41778,49.82265],[118.45457,49.83563],[118.46283,49.82279],[118.47653,49.82859],[118.46722,49.83001],[118.4754,49.83685],[118.46769,49.83883],[118.49168,49.84044],[118.47915,49.84839],[118.49093,49.85888],[118.48064,49.86004],[118.4885,49.86759],[118.48002,49.87106],[118.51643,49.87973],[118.52488,49.90045],[118.55767,49.90033],[118.543,49.90718],[118.56181,49.91106],[118.55333,49.91907],[118.56567,49.92947],[118.59854,49.92523],[118.60023,49.93342],[118.60812,49.92396],[118.60406,49.93412],[118.61978,49.93694],[118.61249,49.94722],[118.64403,49.93648],[118.64301,49.94907],[118.65899,49.94746],[118.65381,49.95351],[118.73278,49.94477],[118.7572,49.95868],[118.78276,49.95253],[118.78005,49.95969],[118.79656,49.96773],[118.82769,49.95893],[118.87127,49.96956],[118.87003,49.97952],[118.89231,49.97347],[118.9336,49.99237],[118.97036,49.98621],[118.96305,49.98292],[118.97581,49.9767],[119.03412,49.98831],[119.04846,49.97863],[119.06699,49.9919],[119.08408,49.98426],[119.10019,50.00429],[119.11088,50.00021],[119.11641,50.01731],[119.14549,50.02405],[119.13511,50.02602],[119.14445,50.03106],[119.15579,50.02131],[119.15989,50.03806],[119.17514,50.04116],[119.16829,50.04639],[119.18091,50.05624],[119.1717,50.05968],[119.18684,50.06808],[119.17862,50.07259],[119.18514,50.07432],[119.18183,50.08746],[119.22805,50.07377],[119.25864,50.10488],[119.28607,50.10935],[119.28979,50.13719],[119.30059,50.13199],[119.29968,50.15842],[119.32938,50.17209],[119.33163,50.1906],[119.35229,50.19336],[119.30967,50.21782],[119.3165,50.23493],[119.32634,50.23551],[119.31899,50.23891],[119.33244,50.24299],[119.32868,50.25618],[119.34009,50.25472],[119.32411,50.26177],[119.33309,50.27551],[119.31677,50.28269],[119.34389,50.28429],[119.34328,50.30282],[119.37912,50.32041],[119.35012,50.32609],[119.36482,50.33162],[119.35082,50.35764],[119.29789,50.35506],[119.29437,50.34423],[119.26903,50.3647],[119.24677,50.34173],[119.22829,50.34561],[119.22412,50.36399],[119.17535,50.3467],[119.17158,50.35297],[119.18699,50.36231],[119.14784,50.36038],[119.16674,50.37906],[119.14768,50.37928],[119.14253,50.39023],[119.13041,50.38027],[119.11742,50.38841],[119.15901,50.42196],[119.1815,50.42239],[119.20594,50.4092],[119.21546,50.44031],[119.24265,50.44665],[119.23286,50.4606],[119.25679,50.46857],[119.25513,50.48796],[119.22546,50.5009],[119.25558,50.5099],[119.25687,50.53806],[119.27502,50.55221],[119.25778,50.56157],[119.28855,50.57372],[119.29143,50.58257],[119.27425,50.60342],[119.32653,50.62361],[119.32822,50.64074],[119.35167,50.62989],[119.3696,50.65491],[119.38652,50.66221],[119.37356,50.67998],[119.42565,50.6831],[119.44192,50.6939],[119.49293,50.74819],[119.49942,50.76382],[119.48766,50.77505],[119.50155,50.77511],[119.49677,50.78603],[119.51561,50.78882],[119.50506,50.79521],[119.50736,50.81485],[119.49037,50.82741],[119.48787,50.84363],[119.51174,50.84226],[119.50277,50.85774],[119.5225,50.86413],[119.52728,50.8827],[119.51006,50.89493],[119.51515,50.9046],[119.56298,50.93368],[119.58341,50.9752],[119.62389,50.99562],[119.6244,51.00902],[119.66291,51.01196],[119.68752,51.02908],[119.68895,51.01395],[119.69645,51.01535],[119.6935,51.03697],[119.71756,51.04807],[119.72182,51.06037],[119.70888,51.07203],[119.7359,51.0742],[119.73539,51.08595],[119.75633,51.09059],[119.75881,51.10241],[119.74363,51.11469],[119.76391,51.12328],[119.77531,51.15319],[119.75194,51.16353],[119.77893,51.16244],[119.78127,51.17203],[119.76405,51.18502],[119.75248,51.2127],[119.77128,51.22446],[119.81519,51.21419],[119.81485,51.22907],[119.79032,51.24397],[119.82087,51.25966],[119.80388,51.2803],[119.83186,51.29306],[119.8746,51.29692],[119.87829,51.33748],[119.91616,51.34466],[119.93957,51.36084],[119.90791,51.37307],[119.90227,51.38902],[119.96455,51.39964],[119.96826,51.43519],[119.99536,51.45356],[119.97532,51.48103],[119.98499,51.49607],[119.97809,51.50434],[120.00695,51.51718],[120.02636,51.54479],[120.04439,51.55127],[120.04277,51.57034],[120.02759,51.58363],[120.05162,51.63226],[120.09528,51.64899],[120.08036,51.67832],[120.13044,51.67207],[120.16675,51.67807],[120.22506,51.72566],[120.25386,51.73238],[120.26572,51.74953],[120.28752,51.74982],[120.30845,51.78348],[120.35583,51.78741],[120.36834,51.80634],[120.39892,51.81363],[120.39399,51.832],[120.46983,51.85147],[120.46971,51.88253],[120.53552,51.87799],[120.54602,51.88685],[120.54099,51.90533],[120.5505,51.91222],[120.58113,51.90883],[120.64758,51.92273],[120.65425,51.95477],[120.69697,51.98109],[120.71167,52.01356],[120.67911,52.03618],[120.71913,52.07737],[120.74576,52.07821],[120.7348,52.09254],[120.76092,52.10846],[120.75367,52.13912],[120.77955,52.16374],[120.73906,52.20445],[120.73741,52.22548],[120.75604,52.24673],[120.75163,52.25541],[120.71082,52.25892],[120.69276,52.28698],[120.63102,52.31217],[120.61421,52.35346],[120.61779,52.36092],[120.64314,52.36241],[120.6427,52.38956],[120.68357,52.42894],[120.67656,52.46593],[120.69978,52.49126],[120.68043,52.51053],[120.72265,52.52992],[120.72228,52.54397],[120.68125,52.54655],[120.65567,52.56617],[120.61838,52.57065],[120.59528,52.59048],[120.55398,52.59518],[120.459,52.64346],[120.42911,52.63826],[120.39091,52.61525],[120.28202,52.62211],[120.18461,52.57704],[120.06197,52.58605],[120.04122,52.59766],[120.02677,52.63546],[120.06184,52.70721],[120.02813,52.75872],[120.02664,52.77626],[120.08593,52.78379],[120.13743,52.81269],[120.17918,52.80812],[120.21697,52.84233],[120.28082,52.86098],[120.28984,52.86975],[120.28898,52.89223],[120.339,52.89989],[120.35288,52.93752],[120.40594,52.95806],[120.43694,53.0024],[120.51994,53.04279],[120.52673,53.05921],[120.55526,53.08046],[120.63603,53.10392],[120.64999,53.13373],[120.68765,53.14533],[120.68464,53.17515],[120.81026,53.23982],[120.83271,53.23867],[120.82733,53.25561],[120.81202,53.26478],[120.87509,53.28209],[120.87828,53.29349],[120.8987,53.2852],[120.94854,53.29636],[121.0355,53.28686],[121.08746,53.30531],[121.12179,53.27523],[121.14758,53.28301],[121.22654,53.27916],[121.29899,53.29879],[121.32714,53.32319],[121.44556,53.32198],[121.58871,53.352],[121.69459,53.39257],[121.73377,53.38592],[121.87099,53.42626],[122.0789,53.42054],[122.10727,53.42874],[122.15917,53.46913],[122.24364,53.46369],[122.32701,53.50156],[122.34967,53.5003],[122.37558,53.46677],[122.42966,53.44325],[122.45369,53.44294],[122.48034,53.45734],[122.53626,53.45265],[122.59615,53.46387],[122.84951,53.45644],[123.05993,53.50755],[123.13731,53.49812],[123.17139,53.50845],[123.22304,53.54959],[123.27124,53.56082],[123.30441,53.55974],[123.37546,53.53654],[123.4528,53.53238],[123.46282,53.5095],[123.48107,53.49608],[123.50278,53.5052],[123.47939,53.52786],[123.48358,53.54181],[123.50588,53.55503],[123.53349,53.55341],[123.55157,53.53675],[123.52293,53.50264],[123.53921,53.49497],[123.56299,53.50397],[123.58301,53.5475],[123.61203,53.54777],[123.66443,53.52264],[123.6956,53.49335],[123.74558,53.49671],[123.87936,53.48072],[123.97828,53.4298],[124.00811,53.39756],[124.06136,53.39875],[124.07464,53.38846],[124.07242,53.36538],[124.10995,53.3465],[124.13212,53.34731],[124.18667,53.37257],[124.24377,53.37472],[124.27974,53.34611],[124.32035,53.32917],[124.36187,53.25917],[124.40338,53.24775],[124.43734,53.214],[124.47981,53.2176],[124.50966,53.20194],[124.63689,53.20718],[124.70761,53.19273],[124.71979,53.18313],[124.70662,53.16365],[124.71173,53.15142],[124.75082,53.13987],[124.82391,53.14309],[124.86207,53.09902],[124.88236,53.09633],[124.89875,53.10964],[124.87792,53.15532],[124.89472,53.17104],[124.97546,53.19576],[125.15781,53.20376],[125.25019,53.17628],[125.30228,53.14589],[125.49472,53.09477],[125.49681,53.06068],[125.50759,53.04847],[125.60517,53.08158],[125.62913,53.06486],[125.63668,53.03496],[125.6727,53.00731],[125.74199,52.98384],[125.72366,52.96937],[125.7243,52.93882],[125.65646,52.91599],[125.65549,52.86905],[125.66546,52.86117],[125.7182,52.87959],[125.7444,52.8795],[125.76675,52.8967],[125.82954,52.89537],[125.8464,52.88956],[125.84451,52.86761],[125.86298,52.84856],[125.9092,52.81862],[125.91865,52.78256],[125.9393,52.76323],[125.97796,52.75698],[126.00835,52.79274],[126.03853,52.798],[126.10502,52.77021],[126.10778,52.75712],[126.03771,52.74026],[126.06556,52.69487],[126.06296,52.6814],[125.98339,52.6732],[125.96174,52.6504],[125.96328,52.62246],[126.01196,52.57852],[126.03823,52.57634],[126.05399,52.60132],[126.06782,52.60325],[126.1921,52.53778],[126.20223,52.5224],[126.18506,52.49421],[126.18403,52.46961],[126.19889,52.46423],[126.26257,52.47359],[126.33996,52.39594],[126.34688,52.38313],[126.34047,52.35494],[126.31087,52.33701],[126.33483,52.30331],[126.38941,52.30293],[126.43169,52.29165],[126.42721,52.27692],[126.39689,52.28018],[126.31139,52.23997],[126.2968,52.22453],[126.3004,52.2062],[126.4498,52.16293],[126.48987,52.15974],[126.55423,52.13032],[126.53121,52.06809],[126.51246,52.05317],[126.5148,52.03719],[126.47516,52.0406],[126.43829,52.02547],[126.43808,52.00437],[126.46195,51.97794],[126.45662,51.94405],[126.49179,51.92956],[126.50947,51.90398],[126.53782,51.88501],[126.57512,51.82299],[126.6177,51.77443],[126.65735,51.75828],[126.65907,51.73415],[126.71563,51.72694],[126.72379,51.71704],[126.72791,51.70661],[126.7128,51.68193],[126.73168,51.65723],[126.73357,51.63763],[126.66954,51.59872],[126.70868,51.56864],[126.75777,51.56011],[126.83863,51.52851],[126.78026,51.45262],[126.78129,51.43507],[126.83228,51.4127],[126.89613,51.4082],[126.91467,51.39021],[126.92377,51.36278],[126.91793,51.34992],[126.89304,51.33909],[126.82747,51.34145],[126.80773,51.31324],[126.8115,51.28909],[126.8436,51.25279],[126.89991,51.24494],[126.9157,51.26127],[126.90317,51.28157],[126.87674,51.29553],[126.86918,51.31506],[126.9454,51.33351],[126.97733,51.32021],[126.97287,51.29778],[126.89424,51.20334],[126.91107,51.13994],[126.91766,51.05704],[126.98584,51.02108],[127.04634,50.96059],[127.10625,50.93691],[127.13509,50.91245],[127.2331,50.77392],[127.30022,50.74526],[127.281,50.70733],[127.28742,50.6638],[127.34074,50.61538],[127.367,50.57397],[127.35395,50.54191],[127.31084,50.5239],[127.304,50.49213],[127.28618,50.47023],[127.29219,50.45683],[127.36266,50.4344],[127.36136,50.39593],[127.3265,50.35798],[127.32529,50.33515],[127.38067,50.28511],[127.60563,50.23471],[127.60335,50.18087],[127.58525,50.14573],[127.50164,50.05942],[127.48893,50.01271],[127.49902,49.97193],[127.54124,49.93366],[127.52335,49.85796],[127.52543,49.81907],[127.5409,49.80099],[127.55663,49.79037],[127.66519,49.7704],[127.67296,49.69498],[127.68724,49.66703],[127.7564,49.63774],[127.78144,49.62219],[127.7983,49.59341],[127.84281,49.57449],[127.9104,49.57428],[127.95905,49.59639],[128.01074,49.57619],[128.03447,49.55557],[128.1298,49.54826],[128.16949,49.53606],[128.20142,49.53806],[128.24997,49.56489],[128.29564,49.5609],[128.33594,49.54214],[128.35742,49.55165],[128.36694,49.58374],[128.38923,49.59027],[128.46048,49.58918],[128.55293,49.60196],[128.62006,49.59042],[128.65838,49.57],[128.71736,49.56232],[128.73043,49.59104],[128.75277,49.59338],[128.79584,49.5778],[128.80217,49.55028],[128.7472,49.51311],[128.74319,49.4831],[128.79327,49.47176],[128.86689,49.4894],[128.92886,49.46111],[128.98366,49.45692],[129.02694,49.42586],[129.0505,49.37456],[129.07345,49.3536],[129.12623,49.35047],[129.17457,49.38852],[129.22605,49.39951],[129.26113,49.39183],[129.3088,49.35703],[129.35208,49.35169],[129.37736,49.36655],[129.36511,49.40226],[129.37997,49.42937],[129.43028,49.44162],[129.50065,49.42468],[129.53664,49.39804],[129.54822,49.30901],[129.5593,49.28946],[129.60003,49.27578],[129.66584,49.295],[129.71048,49.29109],[129.74437,49.26437],[129.74958,49.20442],[129.76457,49.1865],[129.78379,49.1764],[129.84244,49.17706],[129.86003,49.15881],[129.84895,49.11515],[129.92226,49.0943],[129.92773,49.0735],[129.90923,49.05813],[129.91379,49.04249],[130.01968,49.00926],[130.05063,48.97212],[130.16434,48.91738],[130.2243,48.86525],[130.26535,48.86199],[130.42108,48.90392],[130.46469,48.90031],[130.48426,48.86848],[130.51498,48.8538],[130.55944,48.85831],[130.60957,48.87932],[130.66935,48.8771],[130.68205,48.86534],[130.68123,48.85238],[130.60675,48.77504],[130.5633,48.68772],[130.52415,48.63453],[130.52106,48.61316],[130.59943,48.58502],[130.60837,48.50192],[130.62557,48.48847],[130.66013,48.49033],[130.72333,48.51251],[130.7582,48.49729],[130.75988,48.47603],[130.73065,48.44379],[130.73206,48.43026],[130.76632,48.35849],[130.80955,48.34391],[130.83565,48.30168],[130.79695,48.25848],[130.76487,48.24744],[130.74677,48.18124],[130.66757,48.13173],[130.65442,48.09597],[130.67652,48.08288],[130.6827,48.04777],[130.73072,48.0282],[130.74098,48.00556],[130.86397,47.93622],[130.88045,47.91782],[130.9498,47.82546],[130.95749,47.72032],[130.99373,47.69617],[131.08953,47.68317],[131.1751,47.69534],[131.20731,47.72032],[131.25465,47.73478],[131.36602,47.72668],[131.45267,47.74309],[131.54752,47.72664],[131.55223,47.68254],[131.5666,47.66522],[131.59443,47.65652],[131.62198,47.65689],[131.6778,47.70242],[131.71014,47.70847],[131.81221,47.66717],[131.86693,47.67341],[131.90201,47.69085],[131.92663,47.66586],[131.95214,47.66239],[131.9828,47.6698],[131.99951,47.71124],[132.01565,47.71454],[132.04542,47.69985],[132.07553,47.69802],[132.20666,47.7147],[132.25282,47.70807],[132.27756,47.72005],[132.28292,47.74199],[132.30919,47.75678],[132.38442,47.75066],[132.48483,47.71579],[132.54873,47.71432],[132.60368,47.74209],[132.59009,47.77164],[132.59866,47.81034],[132.68049,47.87208],[132.68226,47.88537],[132.65213,47.9356],[132.66623,47.95588],[132.71919,47.96189],[132.78052,47.92505],[132.81579,47.935],[132.86306,47.99173],[133.00782,48.04047],[133.04947,48.10487],[133.18182,48.10871],[133.2867,48.09276],[133.39153,48.12356],[133.46449,48.10912],[133.54324,48.12658],[133.56735,48.1366],[133.57861,48.18861],[133.5934,48.19825],[133.69433,48.18218],[133.71008,48.18764],[133.73837,48.22557],[133.7464,48.25675],[133.79783,48.25997],[133.94955,48.30433],[133.99412,48.30217],[134.03377,48.34397],[134.13998,48.33824],[134.18831,48.38372],[134.33682,48.37895],[134.40869,48.38817],[134.4707,48.42188],[134.50126,48.42529],[134.58072,48.40725],[134.62047,48.41393],[134.6881,48.40807],[134.74105,48.37455],[134.76712,48.3712],[134.76806,48.35759],[134.71697,48.27997],[134.72302,48.27457],[134.68639,48.26572],[134.66792,48.24014],[134.66698,48.20411],[134.67614,48.18925],[134.66618,48.17498],[134.6675,48.1522],[134.63962,48.12879],[134.62484,48.09401],[134.5763,48.06215],[134.56694,48.04118],[134.54466,48.03242],[134.55205,48.00752],[134.54363,47.98876],[134.59279,47.94769],[134.60389,47.9226],[134.60126,47.90357],[134.6475,47.89952],[134.66982,47.88173],[134.66092,47.85814],[134.66335,47.82486],[134.76087,47.76352],[134.7752,47.73997],[134.7704,47.71514],[134.67634,47.62951],[134.68042,47.59813],[134.67162,47.58694],[134.64361,47.57133],[134.61186,47.53628],[134.57249,47.51851],[134.56313,47.47845],[134.5147,47.46489],[134.48617,47.44301],[134.31118,47.43329],[134.26086,47.39531],[134.2538,47.36421],[134.19436,47.34218],[134.16933,47.31839],[134.15008,47.25296],[134.21979,47.18692],[134.22223,47.11799],[134.20644,47.1014],[134.13984,47.09252],[134.1134,47.06166],[134.11409,47.04248],[134.09658,47.00878],[134.05572,46.97505],[134.06808,46.93287],[134.03547,46.88549],[134.03478,46.84488],[134.01418,46.82375],[134.0468,46.77416],[134.02654,46.75464],[134.01624,46.72405],[134.02379,46.69627],[134.01349,46.66589],[133.98254,46.6329],[133.9131,46.59618],[133.88648,46.5263],[133.86549,46.5123],[133.84153,46.47233],[133.84749,46.44436],[133.89085,46.44685],[133.94016,46.39952],[133.93735,46.37949],[133.87066,46.36129],[133.86156,46.34358],[133.89278,46.32511],[133.91683,46.331],[133.89962,46.30121],[133.91071,46.26348],[133.85361,46.24859],[133.87314,46.23485],[133.85643,46.22443],[133.8465,46.20308],[133.83144,46.20059],[133.823,46.2236],[133.80661,46.22922],[133.77798,46.18405],[133.74268,46.16604],[133.688,46.15563],[133.68178,46.13769],[133.70522,46.0995],[133.73501,46.07723],[133.73559,46.05408],[133.67556,45.98841],[133.66847,45.94099],[133.62464,45.94429],[133.59774,45.93272],[133.61203,45.90482],[133.58844,45.88914],[133.58472,45.86722],[133.55949,45.876],[133.54046,45.89569],[133.52319,45.89585],[133.50487,45.88875],[133.50369,45.86421],[133.48674,45.86606],[133.47823,45.8556],[133.48971,45.83708],[133.46166,45.83569],[133.46213,45.79639],[133.48892,45.79129],[133.49769,45.77808],[133.46242,45.77735],[133.45734,45.75569],[133.47987,45.73816],[133.44738,45.73042],[133.42071,45.69554],[133.42917,45.69116],[133.44194,45.70393],[133.45375,45.69062],[133.47696,45.6896],[133.48026,45.6574],[133.44632,45.6538],[133.43876,45.6442],[133.46935,45.61944],[133.45621,45.61614],[133.43109,45.62807],[133.42137,45.6102],[133.40464,45.6171],[133.41294,45.57141],[133.36444,45.57547],[133.36691,45.56748],[133.3422,45.56623],[133.34806,45.56173],[133.33248,45.55076],[133.32383,45.55955],[133.31795,45.54837],[133.28459,45.54186],[133.28544,45.53392],[133.27291,45.53741],[133.27389,45.52636],[133.26503,45.53161],[133.24707,45.5164],[133.19357,45.51434],[133.20465,45.50618],[133.18402,45.49885],[133.1894,45.49301],[133.17797,45.48987],[133.18576,45.47965],[133.16149,45.46473],[133.1727,45.46109],[133.15991,45.4603],[133.16911,45.45853],[133.16136,45.45467],[133.16558,45.44759],[133.1524,45.4446],[133.16433,45.44166],[133.14064,45.43518],[133.15114,45.42632],[133.13392,45.42726],[133.14027,45.40577],[133.13063,45.40096],[133.14251,45.39565],[133.13108,45.37997],[133.14136,45.37552],[133.13349,45.36347],[133.1255,45.37167],[133.12655,45.36053],[133.11155,45.35065],[133.12393,45.33446],[133.09894,45.31941],[133.10804,45.3174],[133.09886,45.31072],[133.11375,45.30941],[133.09069,45.2918],[133.10038,45.28678],[133.08908,45.27911],[133.1031,45.27739],[133.08972,45.27019],[133.10208,45.2727],[133.10511,45.26475],[133.0901,45.26456],[133.08615,45.25255],[133.09008,45.24632],[133.10211,45.25173],[133.08744,45.24194],[133.10392,45.23889],[133.09619,45.23678],[133.10564,45.23549],[133.10054,45.22917],[133.1072,45.23251],[133.10732,45.22294],[133.11989,45.21752],[133.11238,45.21196],[133.12231,45.20939],[133.11776,45.19484],[133.12538,45.19852],[133.13073,45.18997],[133.13102,45.17465],[133.1201,45.17117],[133.12823,45.17194],[133.12182,45.15949],[133.13156,45.15997],[133.12169,45.15219],[133.13358,45.14905],[133.11909,45.1345],[133.13505,45.1417],[133.12721,45.13746],[133.13247,45.12533],[133.10074,45.12331],[133.09532,45.10243],[133.0614,45.0945],[133.05526,45.08593],[133.06268,45.08358],[133.03987,45.07722],[133.04658,45.07572],[133.03238,45.06807],[133.03748,45.05641],[133.00456,45.04035],[132.98153,45.04072],[132.98463,45.03528],[132.97286,45.03321],[132.98045,45.02907],[132.9684,45.02818],[132.97276,45.02067],[132.96191,45.02931],[132.94796,45.0216],[132.9522,45.01515],[132.93888,45.01937],[132.94554,45.02289],[132.93484,45.0247],[132.93741,45.03086],[132.90897,45.02964],[132.90642,45.0378],[132.88377,45.04055],[132.8632,45.06119],[132.84707,45.05794],[132.7197,44.90424],[132.64811,44.85498],[132.62971,44.81623],[132.64691,44.74242],[132.64056,44.71864],[132.60477,44.67728],[132.39959,44.59025],[132.39508,44.58089],[132.43439,44.57025],[132.45654,44.5826],[132.48486,44.58113],[132.50134,44.59556],[132.51765,44.58774],[132.50855,44.57465],[132.53224,44.55374],[132.5137,44.55068],[132.5216,44.56022],[132.47971,44.56695],[132.48658,44.56169],[132.48194,44.54065],[132.44624,44.52902],[132.42409,44.53074],[132.42787,44.54077],[132.40178,44.54077],[132.38995,44.55859],[132.37477,44.5507],[132.3905,44.5433],[132.37276,44.52913],[132.32009,44.539],[132.24159,44.57288],[132.24831,44.60668],[132.272,44.61951],[132.22291,44.62843],[132.21844,44.63784],[132.22239,44.65274],[132.24505,44.65298],[132.31028,44.62599],[132.23973,44.66641],[132.07991,44.70413],[132.05575,44.73522],[132.06106,44.75715],[132.03675,44.81341],[132.09742,44.85193],[132.1038,44.86796],[132.14104,44.87741],[132.12138,44.87552],[132.11322,44.89633],[132.13056,44.93407],[132.12061,44.94948],[132.13078,44.96793],[132.10237,44.99944],[132.10756,45.02342],[132.06567,45.03564],[132.01833,45.03411],[131.99592,45.04966],[132.00682,45.08876],[132.05772,45.11178],[132.02869,45.1311],[131.99134,45.18025],[131.99686,45.19816],[131.98152,45.21961],[132.004,45.25204],[131.98798,45.25501],[131.97243,45.27389],[131.92734,45.28033],[131.90969,45.33824],[131.87561,45.3415],[131.82425,45.30884],[131.7788,45.24347],[131.78572,45.21],[131.72307,45.22804],[131.67398,45.21957],[131.64705,45.15515],[131.68018,45.14904],[131.68005,45.11603],[131.62833,45.08518],[131.62469,45.07253],[131.55818,45.04325],[131.55671,45.03329],[131.52195,45.01007],[131.47619,44.9935],[131.49345,44.97616],[131.485,44.9656],[131.42845,44.96479],[131.41276,44.98123],[131.37215,44.97551],[131.34924,44.9878],[131.30522,44.96346],[131.30047,44.94048],[131.27291,44.92165],[131.25083,44.92841],[131.23325,44.91716],[131.19818,44.9162],[131.19318,44.93241],[131.16483,44.93309],[131.15223,44.94463],[131.12028,44.93015],[131.09975,44.93555],[131.08166,44.92163],[131.09428,44.8967],[131.0893,44.88956],[131.04302,44.86935],[131.02303,44.8782],[131.01335,44.86749],[130.9796,44.86532],[130.95702,44.84786],[130.96403,44.81891],[130.98512,44.82313],[131.00845,44.81153],[131.01166,44.78309],[131.03921,44.77706],[131.0572,44.784],[131.06217,44.75671],[131.0853,44.74266],[131.083,44.71505],[131.0946,44.70291],[131.10448,44.70753],[131.30322,44.04393],[131.25573,44.03053],[131.24304,44.01046],[131.25049,43.99097],[131.23596,43.9847],[131.24304,43.97578],[131.23445,43.96674],[131.23871,43.95299],[131.26123,43.93668],[131.24869,43.8924],[131.22872,43.8769],[131.22652,43.84736],[131.20461,43.8247],[131.21384,43.8219],[131.21656,43.80361],[131.20341,43.78349],[131.21845,43.76622],[131.20912,43.75891],[131.2231,43.76002],[131.21522,43.75472],[131.22423,43.73904],[131.20843,43.72771],[131.22067,43.71649],[131.20923,43.71037],[131.21698,43.70445],[131.21162,43.68209],[131.23336,43.66356],[131.22493,43.66088],[131.22484,43.63441],[131.21248,43.62917],[131.20717,43.60929],[131.23684,43.60007],[131.22772,43.5815],[131.2117,43.59054],[131.21097,43.58001],[131.19582,43.58049],[131.2019,43.56037],[131.1869,43.55828],[131.19859,43.54829],[131.19249,43.52885],[131.24307,43.50836],[131.26602,43.48355],[131.29694,43.46896],[131.30211,43.4535],[131.28732,43.43947],[131.31136,43.39542],[131.27288,43.37538],[131.25766,43.32875],[131.26213,43.29477],[131.25016,43.28678],[131.24792,43.26232],[131.19856,43.23302],[131.19297,43.20677],[131.21242,43.18829],[131.20091,43.16495],[131.21039,43.1438],[131.1949,43.12077],[131.15549,43.09526],[131.16358,43.06707],[131.11346,43.06633],[131.11762,43.04929],[131.09562,43.02112],[131.11067,43.00464],[131.11049,42.96831],[131.14359,42.9653],[131.13467,42.95088],[131.13753,42.93404],[131.10748,42.91267],[131.02636,42.92586],[131.01003,42.91159],[131.03537,42.86029],[130.97433,42.85455],[130.94174,42.87469],[130.90513,42.86841],[130.8837,42.85035],[130.86768,42.86228],[130.85244,42.85963],[130.8281,42.88068],[130.79368,42.87679],[130.77699,42.86435],[130.77281,42.83633],[130.73231,42.84098],[130.71995,42.82819],[130.70168,42.84393],[130.65896,42.84513],[130.57952,42.80872],[130.55629,42.81317],[130.52591,42.78493],[130.45932,42.77],[130.4568,42.75956],[130.41993,42.7426],[130.42156,42.72796],[130.39481,42.72571],[130.41873,42.70409],[130.44768,42.70114],[130.45917,42.68522],[130.52142,42.70143],[130.55327,42.69014],[130.58467,42.66989],[130.5961,42.64008],[130.61551,42.62903],[130.62718,42.59758],[130.61616,42.57135],[130.60334,42.55491],[130.56346,42.55511],[130.56265,42.51807],[130.55295,42.51898],[130.5594,42.50344],[130.59309,42.48376],[130.5926,42.44588],[130.63584,42.42633],[130.66956,42.37819],[130.6701,42.36711],[130.64889,42.35282],[130.64631,42.33916],[130.69668,42.29331],[130.74705,42.35924],[130.76928,42.42975],[130.78862,42.45203],[130.76868,42.43321],[130.7622,42.43691],[130.78172,42.45316],[130.7784,42.46477],[130.80422,42.4763],[130.83835,42.46973],[130.84975,42.48597],[130.83122,42.52836],[130.85407,42.53261],[130.86501,42.51511],[130.87077,42.52823],[130.84157,42.54385],[130.83801,42.56469],[130.77392,42.57758],[130.772,42.5973],[130.7944,42.63396],[130.76968,42.59661],[130.77181,42.60539],[130.74551,42.60913],[130.72504,42.58519],[130.69583,42.57741],[130.68543,42.55857],[130.68018,42.56995],[130.68856,42.55904],[130.69326,42.57231],[130.67412,42.59031],[130.69285,42.57643],[130.71984,42.58552],[130.73763,42.60733],[130.73887,42.62656],[130.71738,42.62226],[130.70075,42.63046],[130.70123,42.64239],[130.65736,42.63944],[130.65229,42.65787],[130.72144,42.70148],[130.75938,42.68219],[130.84126,42.70605],[130.85005,42.69879],[130.83601,42.69959],[130.83375,42.67384],[130.77988,42.65698],[130.79583,42.64339],[130.80801,42.64636],[130.81237,42.66237],[130.84035,42.6559],[130.85356,42.66749],[130.86479,42.65922],[130.87991,42.67643],[130.87948,42.65642],[130.89607,42.64742],[130.90895,42.65914],[130.94608,42.65541],[130.94723,42.63244],[130.92382,42.61154],[130.9054,42.61697],[130.88685,42.64141],[130.85617,42.64961],[130.80806,42.6337],[130.85391,42.62064],[130.85288,42.60963],[130.87387,42.61416],[130.87506,42.60747],[130.85897,42.60388],[130.87019,42.59587],[130.92185,42.59245],[130.93294,42.61016],[130.94761,42.61088],[130.94276,42.62438],[130.96803,42.63055],[130.96694,42.64091],[130.98521,42.64796],[130.99887,42.64631],[131.00171,42.6351],[131.02368,42.65031],[131.03295,42.63378],[131.07035,42.64296],[131.10127,42.61894],[131.09495,42.6324],[131.07703,42.63871],[131.10147,42.67031],[131.11268,42.67147],[131.12779,42.64645],[131.11832,42.63786],[131.13872,42.63107],[131.12084,42.6167],[131.1502,42.60983],[131.15613,42.59694],[131.18481,42.60248],[131.16555,42.58331],[131.14866,42.58213],[131.16477,42.57977],[131.1833,42.55979],[131.21809,42.55436],[131.22281,42.56737],[131.21195,42.58546],[131.23347,42.58893],[131.22787,42.60494],[131.19983,42.61288],[131.21123,42.62303],[131.2013,42.63708],[131.21851,42.64214],[131.20669,42.65186],[131.22514,42.65227],[131.21485,42.67121],[131.22882,42.67787],[131.23869,42.67177],[131.24095,42.6861],[131.25175,42.69152],[131.23655,42.70194],[131.24867,42.74381],[131.26014,42.74794],[131.25648,42.76907],[131.28919,42.79081],[131.32914,42.79421],[131.36261,42.76404],[131.36348,42.77415],[131.38063,42.77917],[131.34875,42.78916],[131.35969,42.82286],[131.38275,42.84111],[131.4148,42.84615],[131.46958,42.87775],[131.4714,42.88433],[131.43111,42.86869],[131.42104,42.87598],[131.38429,42.86757],[131.40966,42.90445],[131.39768,42.91079],[131.38962,42.90066],[131.37864,42.91385],[131.38429,42.92985],[131.3765,42.93089],[131.37631,42.94319],[131.40201,42.95345],[131.43362,42.93269],[131.41952,42.93324],[131.42725,42.92796],[131.4523,42.92585],[131.47054,42.94517],[131.48988,42.93974],[131.50732,42.94983],[131.49968,42.97024],[131.48993,42.97316],[131.49576,42.98336],[131.45323,42.98046],[131.42096,42.96592],[131.41165,42.97097],[131.41802,42.98236],[131.45678,42.98935],[131.45598,42.9826],[131.47897,42.9795],[131.49009,42.98332],[131.49366,43.0009],[131.51792,43.01201],[131.49332,43.00209],[131.48759,43.00818],[131.51673,43.01605],[131.5443,43.00332],[131.55368,43.02226],[131.57604,43.01036],[131.55068,43.01473],[131.53631,42.99029],[131.57184,42.99865],[131.57787,43.0134],[131.55746,43.0241],[131.56171,43.03924],[131.59082,43.05109],[131.62282,43.09462],[131.65187,43.11048],[131.69817,43.18076],[131.65305,43.15499],[131.63802,43.15599],[131.63302,43.17022],[131.66873,43.16988],[131.68541,43.20222],[131.70828,43.18916],[131.72836,43.16172],[131.77766,43.17959],[131.76288,43.19742],[131.69522,43.20412],[131.72523,43.20963],[131.72899,43.22315],[131.74387,43.21843],[131.76087,43.23367],[131.76809,43.25044],[131.75815,43.25955],[131.75639,43.2896],[131.77272,43.30139],[131.7581,43.32766],[131.774,43.3052],[131.82132,43.30007],[131.82258,43.29345],[131.88009,43.32003],[131.9423,43.31691],[131.97014,43.30412],[131.97266,43.31253],[131.97402,43.29599],[131.98205,43.30145],[131.99213,43.28327],[131.96829,43.25789],[132.01183,43.28113],[131.99595,43.2942],[132.01269,43.32622],[132.06287,43.32734],[132.07205,43.31248],[132.05309,43.29782],[132.05612,43.2856],[132.00227,43.26183],[132.0102,43.23711],[131.96387,43.22806],[131.92099,43.20355],[131.89671,43.17206],[131.90659,43.15981],[131.9035,43.14548],[131.87609,43.12665],[131.87323,43.10864],[131.84047,43.07622],[131.86611,43.08836],[131.88648,43.11383],[131.90728,43.11438],[131.93376,43.10941],[131.89099,43.10545],[131.87869,43.08782],[131.89905,43.09275],[131.88835,43.0835],[131.89963,43.07703],[131.92416,43.0836],[131.93316,43.07288],[131.91327,43.07105],[131.92636,43.06482],[131.95892,43.07365],[131.95657,43.05761],[131.9728,43.08676],[132.01087,43.11386],[132.03126,43.11623],[132.11322,43.19343],[132.23134,43.22937],[132.25752,43.26837],[132.29843,43.2881],[132.28096,43.30879],[132.28829,43.3147],[132.33303,43.30986],[132.34979,43.29607],[132.3525,43.27911],[132.30581,43.22835],[132.32563,43.22494],[132.31868,43.21208],[132.37568,43.21696],[132.39004,43.1895],[132.36007,43.16759],[132.3135,43.16679],[132.33944,43.14851],[132.32635,43.12636],[132.34096,43.13093],[132.34146,43.12044],[132.32613,43.11488],[132.32333,43.12624],[132.31651,43.11812],[132.33023,43.09953],[132.321,43.07609],[132.29094,43.07094],[132.29245,43.08494],[132.28369,43.07076],[132.31715,43.04856],[132.30478,43.03836],[132.30564,43.02336],[132.32186,43.01502],[132.29726,42.99783],[132.30108,42.98851],[132.3125,42.99204],[132.29173,42.95318],[132.29053,42.9151],[132.30735,42.89046],[132.29132,42.87742],[132.30179,42.87302],[132.29807,42.86726],[132.31799,42.86674],[132.31774,42.843],[132.32937,42.84522],[132.32235,42.8536],[132.33104,42.86071],[132.34346,42.85924],[132.34902,42.84124],[132.36091,42.85106],[132.36879,42.86264],[132.35905,42.86911],[132.37456,42.8846],[132.34115,42.9109],[132.35938,42.90121],[132.37617,42.91405],[132.40985,42.91675],[132.39517,42.93867],[132.40508,42.94832],[132.43036,42.91847],[132.43815,42.93537],[132.44902,42.92141],[132.52002,42.90407],[132.51176,42.87369],[132.52536,42.86913],[132.51152,42.86139],[132.52867,42.86458],[132.53447,42.8488],[132.56926,42.86161],[132.57155,42.85041],[132.56346,42.84674],[132.57005,42.83784],[132.59495,42.84452],[132.60733,42.83874],[132.60296,42.85073],[132.62588,42.86009],[132.69326,42.84839],[132.70466,42.85843],[132.68053,42.86632],[132.68333,42.87275],[132.71899,42.87474],[132.71011,42.88834],[132.73548,42.88631],[132.72129,42.90117],[132.76302,42.90967],[132.78526,42.89109],[132.7729,42.86781],[132.77607,42.84913],[132.76363,42.84139],[132.77685,42.83635],[132.7717,42.82616],[132.80826,42.80286],[132.81394,42.78183],[132.80483,42.77768],[132.80681,42.75854],[132.8236,42.75986],[132.82076,42.75059],[132.83617,42.74745],[132.83454,42.73987],[132.85069,42.74818],[132.84864,42.7343],[132.87282,42.73914],[132.87669,42.76257],[132.89415,42.76123],[132.88738,42.77637],[132.91156,42.78684],[132.91362,42.80576],[132.90445,42.8096],[132.86251,42.78579],[132.88361,42.79837],[132.87614,42.80741],[132.88587,42.80555],[132.90008,42.8301],[132.94786,42.83914],[132.9889,42.83121],[132.98085,42.83839],[132.99318,42.85031],[132.98494,42.83774],[132.99602,42.84713],[132.99498,42.83835],[133.0046,42.84094],[132.98593,42.82267],[132.99387,42.81665],[132.98826,42.80738],[133.02561,42.79001],[133.05235,42.75892],[133.06263,42.7647],[133.07573,42.74632],[133.09411,42.74075],[133.07405,42.73311],[133.04351,42.74608],[133.02869,42.74202],[133.01444,42.7228],[133.0429,42.71653],[133.00085,42.71582],[133.03968,42.67209],[133.07686,42.69142],[133.09215,42.683],[133.14921,42.68482],[133.17695,42.7109],[133.18675,42.71042],[133.18741,42.70192],[133.20352,42.70806],[133.20251,42.72988],[133.22735,42.73706],[133.23218,42.75137],[133.28765,42.75277],[133.28549,42.7671],[133.29461,42.77433],[133.34028,42.77596],[133.35943,42.76161],[133.42283,42.77465],[133.44028,42.7951],[133.47302,42.7921],[133.49197,42.80887],[133.51324,42.81307],[133.50013,42.82718],[133.50414,42.83419],[133.53011,42.83462],[133.54743,42.81917],[133.5592,42.81993],[133.55736,42.83189],[133.57313,42.83726],[133.58068,42.82506],[133.60296,42.83335],[133.59357,42.85109],[133.61116,42.85852],[133.62512,42.84581],[133.6476,42.8589],[133.69057,42.84862],[133.69206,42.83737],[133.7125,42.82371],[133.71403,42.80926],[133.7249,42.80712],[133.74478,42.82401],[133.73979,42.83352],[133.74765,42.84566],[133.81377,42.87547],[133.81921,42.88898],[133.85796,42.89665],[133.86445,42.90737],[133.9231,42.89124],[133.89055,42.89044],[133.90262,42.8783],[133.89486,42.86803],[133.92268,42.86717],[133.94993,42.88056],[133.95692,42.90777],[134.02201,42.95828],[134.12364,42.99337],[134.13284,43.02051],[134.17543,43.0387],[134.17333,43.05309],[134.1865,43.07157],[134.23525,43.08051],[134.27671,43.10717],[134.30073,43.10708],[134.30773,43.09714],[134.31688,43.10314],[134.30255,43.10836],[134.3073,43.1183],[134.3334,43.12141],[134.34254,43.11168],[134.3906,43.14328],[134.41678,43.14664],[134.45014,43.17241],[134.4888,43.18479],[134.5573,43.23657],[134.58055,43.24394],[134.61309,43.23948],[134.63359,43.26195],[134.66381,43.26857],[134.68646,43.29219],[134.72965,43.30973],[134.77831,43.30862],[134.79342,43.34901],[134.81607,43.35413],[134.85246,43.39294],[134.96885,43.44082],[134.97635,43.44896],[134.96663,43.45624],[134.97913,43.46792],[135.00644,43.46257],[135.09395,43.50122],[135.14125,43.50522],[135.15201,43.52167],[135.14761,43.54408],[135.16888,43.55691],[135.18284,43.59322],[135.17449,43.60932],[135.22546,43.63553],[135.215,43.65507],[135.22715,43.66364],[135.22141,43.68509],[135.23587,43.69292],[135.22009,43.7016],[135.22056,43.72011],[135.28977,43.73973],[135.26103,43.72824],[135.25074,43.71212],[135.2533,43.70048],[135.27816,43.68647],[135.35507,43.71519],[135.40091,43.75899],[135.43569,43.76476],[135.43582,43.78653],[135.47323,43.81276],[135.48266,43.84119],[135.50684,43.84422],[135.50312,43.86557],[135.5275,43.89661],[135.50148,43.89618],[135.50691,43.88536],[135.48714,43.87297],[135.45922,43.87755],[135.47145,43.89762],[135.4895,43.90357],[135.46429,43.90656],[135.46189,43.9139],[135.47358,43.91859],[135.47011,43.93224],[135.45281,43.94821],[135.4668,43.95647],[135.50287,43.9453],[135.51978,43.9214],[135.52042,43.93888],[135.50711,43.95145],[135.51524,43.96915],[135.53014,43.97117],[135.52617,44.00526],[135.56458,44.02361],[135.59594,44.02232],[135.61596,44.0376],[135.63234,44.03532],[135.63094,44.09781],[135.64532,44.10291],[135.65037,44.12506],[135.66053,44.13103],[135.64873,44.15034],[135.64816,44.17584],[135.68529,44.19172],[135.71775,44.23876],[135.79608,44.26615],[135.80015,44.28557],[135.84136,44.34301],[135.82877,44.3479],[135.83062,44.36403],[135.86987,44.38974],[135.87535,44.40746],[135.98896,44.43425],[136.00683,44.45318],[136.03566,44.44691],[136.14855,44.49661],[136.19274,44.53497],[136.18601,44.56472],[136.19358,44.57597],[136.22893,44.58605],[136.21098,44.6298],[136.2234,44.63728],[136.24189,44.6771],[136.27837,44.70387],[136.33784,44.72284],[136.33788,44.73085],[136.31616,44.74305],[136.30579,44.73921],[136.30364,44.7487],[136.34055,44.75195],[136.35456,44.77824],[136.35012,44.79494],[136.37129,44.80496],[136.39079,44.80263],[136.42384,44.77354],[136.45044,44.77171],[136.45351,44.78892],[136.43728,44.81227],[136.44271,44.8287],[136.46457,44.84292],[136.47855,44.84124],[136.50748,44.89252],[136.52998,44.90511],[136.54304,44.90166],[136.55961,44.92061],[136.56086,44.9298],[136.55063,44.93457],[136.55367,44.95098],[136.56884,44.95351],[136.63464,45.02695],[136.6848,45.04041],[136.70045,45.06067],[136.76507,45.09252],[136.77364,45.1365],[136.80164,45.19866],[136.85582,45.23313],[136.94419,45.26668],[136.97487,45.29763],[137.06038,45.35408],[137.1388,45.37526],[137.16132,45.41141],[137.18228,45.42198],[137.20126,45.45768],[137.24394,45.4756],[137.27988,45.51564],[137.29752,45.52194],[137.32714,45.57832],[137.35915,45.61328],[137.44591,45.66362],[137.48875,45.67339],[137.54985,45.72576],[137.64597,45.77739],[137.68758,45.81004],[137.69198,45.85413],[137.72746,45.87522],[137.7702,45.94538],[137.92763,46.07219],[137.94132,46.10408],[137.97851,46.12494],[138.01548,46.16692],[138.04432,46.17917],[138.10381,46.23953],[138.10929,46.25034],[138.09848,46.25967],[138.09637,46.2898],[138.11017,46.30885],[138.12089,46.35383],[138.18038,46.4526],[138.23218,46.49223],[138.34328,46.54028],[138.34996,46.58678],[138.35932,46.59701],[138.34383,46.60898],[138.33939,46.62725],[138.35226,46.66411],[138.3476,46.69174],[138.36606,46.70616],[138.38103,46.75362],[138.40508,46.77652],[138.42068,46.80974],[138.48445,46.85754],[138.50209,46.9378],[138.52047,46.95561],[138.55193,47.01742],[138.59874,47.07052],[138.70371,47.1375],[138.85684,47.2883],[138.92769,47.31828],[138.99051,47.31664],[138.98643,47.35274],[139.03297,47.39604],[139.30939,47.31088],[139.33579,47.35352],[139.34801,47.40688],[139.37903,47.46354],[139.40962,47.51371],[139.4609,47.56534],[139.51854,47.67526],[139.55398,47.72015],[139.58333,47.74524],[139.75254,47.83159],[139.88873,47.94754],[139.97949,48.04462],[140.2455,48.18937],[140.43794,48.35368],[140.46369,48.39663],[140.47398,48.43516],[140.49307,48.57369],[140.49759,48.69913],[140.50861,48.72118],[140.62339,48.82091],[140.68851,48.93784],[140.69289,48.99631],[140.66033,49.10947],[140.72313,49.25436],[140.73549,49.32816],[140.79467,49.4129],[140.85039,49.53379],[140.85365,49.57717],[140.83959,49.64462],[140.83479,49.7577],[140.91222,49.94704],[140.97307,50.0122],[140.99575,50.06685],[140.99706,50.10746],[140.98321,50.15456],[140.79886,50.45723],[140.80496,50.74227],[140.92487,50.85982],[140.95849,50.9146],[140.99516,51.01831],[140.99944,51.05803],[140.98701,51.14676],[140.99502,51.16386],[141.14557,51.2832],[141.20014,51.37672],[141.21222,51.44834],[141.28638,51.50431],[141.4144,51.56133],[141.56857,51.52829],[141.62336,51.47861],[141.72347,51.41159],[141.79879,51.30557],[141.83706,51.26661],[141.93095,51.07809],[141.75411,50.89024],[141.71931,50.81469],[141.74348,50.65086],[141.73063,50.56011],[141.73283,50.50833],[141.75535,50.4395],[141.79405,50.37734],[141.85655,50.13044],[141.82915,50.04181],[141.82155,49.96248],[141.82727,49.86744],[141.84739,49.76926],[141.83168,49.53581],[141.76729,49.37592],[141.76475,49.27987],[141.72699,49.16451],[141.71248,49.05694],[141.57099,48.85923],[141.54556,48.7754],[141.55267,48.71744],[141.5928,48.60031],[141.69023,48.4629],[141.83969,48.29032],[141.867,48.16318],[141.87795,48.05251],[141.84315,47.97612],[141.80006,47.91337],[141.7869,47.85954],[141.68309,47.68732],[141.6666,47.63311],[141.66025,47.44179],[141.67186,47.28402],[141.69092,47.22677],[141.75817,47.12871],[141.71686,46.99772],[141.5872,46.76774],[141.52071,46.61818],[141.52492,46.50181],[141.60086,46.27662],[141.64366,45.9963],[141.6772,45.93991],[141.76284,45.85296],[141.71643,45.74225],[142.29177,45.65608],[142.34959,45.82227],[142.45784,45.97725],[142.52034,46.12656],[142.54034,46.24241],[142.58802,46.33588],[142.76837,46.39892],[142.84727,46.40804],[142.9338,46.40737],[143.0643,46.32402],[143.11779,46.22435],[143.10998,46.08879],[143.12999,45.98376],[143.16544,45.9208],[143.23907,45.86293],[143.33642,45.82832],[143.47231,45.82453],[143.59547,45.86491],[143.66599,45.92321],[143.73379,46.02698],[143.77245,46.14363],[143.87965,46.2897],[143.90358,46.35037],[143.90305,46.40136],[143.89054,46.44433],[143.82587,46.54566],[143.79941,46.73573],[143.76227,46.87048],[143.71689,46.93911],[143.64864,46.99242],[143.33511,47.1083],[143.33487,47.16458],[143.30999,47.27694],[143.28426,47.3369],[143.16851,47.48041],[142.92904,47.61919],[142.86292,47.7055],[142.82343,47.79604],[142.82693,47.93466],[142.86917,48.09141],[142.89828,48.1642],[143.00013,48.38211],[143.03184,48.48029],[143.0931,48.60256],[143.25703,48.81773],[143.28688,48.90313],[142.96917,48.94308],[142.97191,48.9493],[142.95546,48.95157],[142.95691,48.92127],[142.86138,48.92342],[142.76261,48.89129],[142.73251,48.871],[142.70309,48.88686],[142.66076,48.88309],[142.6444,48.90258],[142.62779,48.89685],[142.60971,48.90869],[142.59324,48.94881],[142.57755,48.95765],[142.612,48.97387],[142.61227,48.98299],[142.59101,48.97881],[142.56764,48.99697],[142.5124,48.99838],[142.53049,49.00942],[142.52438,49.051],[142.50486,49.07298],[142.51838,49.08161],[142.51383,49.10509],[142.4892,49.13395],[142.48436,49.15849],[142.49409,49.17794],[142.48531,49.19787],[142.51223,49.21804],[142.50373,49.23429],[142.52677,49.24068],[142.52993,49.26199],[142.52271,49.26394],[142.53854,49.29738],[142.52683,49.31419],[142.53063,49.33812],[142.5549,49.3318],[142.58399,49.34873],[142.54964,49.35919],[142.55021,49.37717],[142.55937,49.37638],[142.55565,49.38776],[142.56597,49.39162],[142.53897,49.4093],[142.54859,49.42317],[142.53269,49.43737],[142.55281,49.45975],[142.53826,49.4846],[142.56009,49.49563],[142.57016,49.48061],[142.59662,49.47153],[142.62958,49.4832],[142.67806,49.47189],[142.76066,49.47218],[142.80097,49.5087],[143.08591,49.5024],[143.1067,49.51225],[143.09662,49.53518],[143.10443,49.54072],[143.08553,49.54827],[143.11419,49.56442],[143.10211,49.56805],[143.09973,49.58061],[143.07658,49.58443],[143.08201,49.58888],[143.06824,49.59406],[143.07507,49.60379],[143.05099,49.6137],[143.0604,49.61542],[143.0277,49.62889],[143.01744,49.64878],[143.02373,49.65966],[143.00363,49.68199],[143.00082,49.6991],[143.54528,49.71835],[143.73323,49.84825],[143.72916,49.85933],[143.76536,49.85658],[143.7685,49.88076],[143.7892,49.89391],[143.79271,49.91392],[143.81223,49.91648],[143.80665,49.92154],[143.83012,49.94144],[143.90907,49.93569],[143.9271,49.9523],[143.94968,49.9468],[143.96823,49.96186],[144.30182,50.05823],[144.27914,50.10305],[144.1364,50.29162],[144.06384,50.44163],[144.01727,50.58634],[144.01185,50.68206],[143.98607,50.75916],[143.97943,50.84342],[143.94723,50.92035],[143.84454,51.24857],[143.79741,51.35413],[143.7501,51.53622],[143.64891,51.76413],[143.5527,51.91127],[143.47667,52.07683],[143.46528,52.13919],[143.4677,52.20539],[143.59144,52.38645],[143.62902,52.49796],[143.64353,52.568],[143.65313,52.75905],[143.66617,52.8416],[143.59266,53.19034],[143.5345,53.35572],[143.46259,53.49196],[143.24022,53.85673],[143.3083,53.9909],[143.33617,54.07401],[143.3181,54.16158],[143.28155,54.22446],[143.1481,54.35139],[143.03572,54.50617],[143.00084,54.54008],[142.93036,54.58108],[142.82507,54.61353],[142.69835,54.62598],[142.5984,54.61784],[142.09788,54.48625],[142.01777,54.45095],[141.95405,54.39937],[141.9279,54.35939],[141.91691,54.32304],[141.92398,54.26076],[141.96652,54.19794],[142.02962,54.15291],[142.15035,54.02443],[142.2962,53.91605],[142.30718,53.84347],[142.03739,53.70999],[141.75894,53.62538],[141.62355,53.59939],[141.38908,53.59397],[141.25339,53.64079],[140.91199,53.73547],[140.76317,53.85001],[140.64423,54.02766],[140.59889,54.07617],[140.42694,54.20234],[140.18737,54.30781],[140.11133,54.44719],[140.05148,54.49445],[139.97047,54.52948],[139.81258,54.5571],[139.67762,54.54871],[139.53161,54.50224],[139.34539,54.39314],[139.24866,54.38251],[139.07644,54.41929],[138.89035,54.48562],[138.78613,54.50207],[138.5897,54.69131],[138.76271,55.01288],[138.77799,55.0775],[138.76956,55.12318],[138.74785,55.1636],[138.6995,55.21112],[138.6219,55.25316],[138.55998,55.27318],[138.0348,55.33212],[137.83182,55.36036],[137.69043,55.39331],[137.58366,55.39424],[137.408,55.36156],[137.31508,55.32524],[137.25484,55.28281],[137.18734,55.19751],[136.90524,55.12584],[136.72294,55.1038],[136.72983,55.15245],[136.68352,55.1097],[136.64604,55.05414],[136.41082,55.01602],[136.04992,55.0043],[136.19137,55.07598],[136.34252,55.12915],[136.39714,55.1579],[136.53689,55.27166],[136.74293,55.4181],[136.96145,55.48132],[137.30536,55.64837],[137.4241,55.73882],[137.54798,55.76629],[137.65512,55.81108],[137.71078,55.85578],[138.0025,56.01103],[138.13321,56.11986],[138.17674,56.1712],[138.24711,56.21074],[138.39988,56.24778],[138.50601,56.29626],[138.54511,56.32842],[138.59921,56.40185],[138.61304,56.43744],[138.62804,56.56071],[138.64165,56.57354],[138.77479,56.61551],[138.86133,56.65936],[139.21162,56.92251],[139.25164,56.96714],[139.30315,57.0052],[139.50641,57.10543],[139.64706,57.1452],[140.06152,57.3487],[140.15969,57.43068],[140.20211,57.50088],[140.50839,57.5793],[140.76506,57.70876],[140.81915,57.74913],[140.85372,57.79315],[140.87454,57.87551],[140.90071,57.92514],[140.95934,57.99565],[141.02489,58.1229],[141.06125,58.16406],[141.19276,58.24455],[141.54486,58.34774],[141.83097,58.4703],[142.01304,58.58485],[142.18026,58.72473],[142.31649,58.86296],[142.39061,58.91309],[142.52997,58.97882],[142.63893,59.02314],[142.71878,59.04317],[143.00605,59.09136],[143.13863,59.12876],[143.55908,59.12382],[143.90354,59.20115],[143.98065,59.20393],[144.38207,59.17043],[144.98022,59.16779],[145.26298,59.185],[145.57838,59.08882],[145.6836,59.01579],[145.80073,58.96751],[145.93431,58.94445],[146.09089,58.94282],[146.46501,59.00157],[146.91247,59.14653],[147.0539,59.12817],[147.23048,59.09219],[147.31606,59.06495],[147.46976,59.03973],[147.58183,59.03711],[147.84067,59.06249],[148.36653,59.05419],[148.44136,59.04723],[148.8098,58.93328],[148.9265,58.91489],[150.42805,58.80258],[150.58761,58.79856],[150.67234,58.80617],[150.98335,58.76587],[151.03936,58.7156],[151.1231,58.67392],[151.22677,58.64709],[151.341,58.63753],[151.76747,58.64704],[152.49988,58.74218],[152.68347,58.70796],[152.97158,58.70895],[153.05156,58.72136],[153.14484,58.74944],[153.42466,58.88624],[153.81995,58.87898],[153.95858,58.85198],[154.06971,58.84796],[154.41694,58.89743],[154.49881,58.91734],[154.68793,58.93679],[154.84548,58.92836],[155.10878,58.97359],[155.65897,59.00733],[155.79443,59.04854],[155.88508,59.11142],[155.98164,59.29046],[155.98764,59.32778],[155.97091,59.38319],[155.91753,59.44169],[155.80815,59.49724],[155.69806,59.52315],[155.39189,59.55577],[155.28969,59.61992],[155.18802,59.66205],[155.11798,59.6804],[154.97709,59.69867],[154.88071,59.90335],[154.88526,59.94333],[154.90275,59.97371],[154.98313,60.05102],[155.10415,60.12224],[155.1764,60.18537],[155.37919,60.25077],[155.47004,60.29421],[155.66857,60.34995],[155.96253,60.49165],[156.11806,60.53118],[156.22759,60.58045],[156.29758,60.64992],[156.32635,60.72227],[156.32822,60.76522],[156.36533,60.83064],[156.42155,60.8836],[156.52416,60.9225],[156.59681,60.96128],[156.85413,61.02145],[156.98908,61.08326],[157.03573,61.12261],[157.06935,61.17666],[157.07523,61.22266],[157.06362,61.29148],[157.17678,61.39102],[157.2362,61.41758],[157.5178,61.49651],[157.91779,61.53621],[158.15257,61.53448],[158.76648,61.61525],[158.82639,61.61465],[159.15016,61.57269],[159.25844,61.5144],[159.42429,61.39146],[159.36218,61.34113],[159.33945,61.30472],[159.33152,61.2669],[159.40608,61.00562],[159.38003,60.95548],[159.38507,60.89451],[159.42568,60.83874],[159.47324,60.80432],[159.55917,60.76309],[159.73323,60.60864],[159.73351,60.56912],[159.74718,60.53424],[159.78648,60.485],[159.8283,60.45251],[159.94524,60.40221],[160.1304,60.3755],[160.31682,60.38894],[160.4968,60.43828],[161.15325,60.14894],[160.87995,59.94361],[160.77586,59.89099],[160.49336,59.76669],[160.29253,59.72643],[160.18986,59.68074],[160.14117,59.64253],[160.09975,59.58134],[159.74293,59.35215],[159.52769,59.23088],[159.41377,59.12575],[159.35289,59.04351],[159.27783,58.91444],[159.21819,58.84595],[158.92111,58.68151],[158.77087,58.55342],[158.42297,58.41482],[158.15894,58.27859],[158.06701,58.21974],[157.63466,58.21468],[157.53062,58.20027],[157.41428,58.1594],[157.32971,58.10557],[156.85052,58.03584],[156.65099,57.96905],[156.57336,57.93326],[156.42496,57.79569],[156.40541,57.75394],[156.40477,57.69781],[156.44894,57.62702],[156.61767,57.51469],[156.62684,57.49174],[156.31831,57.41459],[156.2105,57.36282],[156.17276,57.32941],[156.14055,57.27347],[156.13649,57.23414],[156.16332,57.11495],[156.11196,57.0492],[155.998,57.01256],[155.83322,56.93458],[155.76342,56.88163],[155.66483,56.77256],[155.61613,56.69718],[155.44398,56.29551],[155.3041,56.00941],[155.29674,55.97971],[155.29887,55.82042],[155.28154,55.66677],[155.22211,55.40133],[155.21524,55.23226],[155.25687,55.057],[155.28882,54.81542],[155.33883,54.60898],[155.39324,54.41518],[155.56802,53.9425],[155.63208,53.71617],[155.74667,53.23706],[155.81458,52.83662],[155.92409,52.60583],[156.0804,52.31052],[156.13123,52.1604],[156.14792,52.09035],[156.17436,51.83911],[156.17503,51.61959],[156.16547,51.55678],[156.1714,51.47947],[156.23193,51.25068],[156.25862,51.20218],[156.34335,51.10385],[156.27197,51.03247],[156.11083,50.96967],[155.77318,51.08833],[155.6079,51.11832],[155.50422,51.12104],[155.38497,51.10624],[155.25201,51.05586],[155.19827,51.01172],[155.15819,50.94811],[155.14151,50.88964],[155.14704,50.84368],[155.20635,50.73866],[155.29391,50.67258],[155.39102,50.556],[155.10059,50.48364],[154.76354,50.36139],[154.70007,50.317],[154.65616,50.2606],[154.64179,50.2047],[154.65724,50.13788],[154.49211,50.01444],[154.38437,50.01409],[154.26136,49.98485],[154.16213,49.93196],[154.11288,49.87924],[154.08102,49.79912],[154.07842,49.7361],[154.08936,49.69757],[154.12679,49.64419],[154.19631,49.59285],[154.31605,49.41846],[154.21792,49.29412],[153.94266,49.17264],[153.8749,49.16753],[153.52077,49.19181],[153.42606,49.18879],[153.30151,49.15572],[153.21797,49.0987],[153.18417,49.05353],[153.16923,49.01603],[153.16379,48.97296],[153.17211,48.93056],[153.22614,48.8541],[153.3174,48.79968],[153.27487,48.50035],[153.17919,48.49673],[153.09925,48.47753],[153.03066,48.44417],[152.97453,48.39582],[152.94348,48.34291],[152.86901,48.14537],[152.86306,48.08826],[152.79045,47.93168],[152.7011,47.83841],[152.67219,47.76357],[152.63401,47.70413],[152.59015,47.66987],[152.38475,47.5733],[152.29715,47.55021],[152.21589,47.50752],[151.94509,47.26887],[151.8363,47.15009],[151.75403,47.10361],[151.538,47.0099],[151.48802,46.97595],[151.43531,46.91494],[151.41567,46.85882],[151.41947,46.8005],[151.47431,46.70456],[151.51089,46.66545],[151.57143,46.62344],[151.6611,46.58749],[151.76227,46.57036],[151.84492,46.57118],[151.89839,46.58067],[152.00353,46.62042],[152.12706,46.70533],[152.23733,46.76144],[152.37677,46.86776],[152.5375,47.02516],[152.67521,47.13179],[152.74306,47.16962],[152.7932,47.21649],[153.04882,47.37388],[153.14029,47.47378],[153.29286,47.60771],[153.32558,47.65204],[153.35262,47.71887],[153.53933,47.93499],[153.58312,48.01125],[153.59817,48.07252],[153.56909,48.2846],[153.70381,48.35064],[153.78518,48.33148],[153.87134,48.3285],[153.9815,48.34992],[154.05179,48.38333],[154.11352,48.43096],[154.24955,48.58591],[154.4113,48.69451],[154.4831,48.76724],[154.68862,48.8997],[154.75083,48.92161],[154.81912,48.95997],[155.00919,49.13575],[155.08434,49.18963],[155.11265,49.22593],[155.14481,49.29263],[155.18878,49.48397],[155.22796,49.58359],[155.22114,49.65974],[155.40308,49.79467],[155.51425,49.81283],[155.62079,49.85995],[155.75656,49.97223],[155.9399,50.01391],[156.09995,50.1001],[156.15409,50.14262],[156.23405,50.24013],[156.36966,50.35245],[156.66435,50.51623],[156.77603,50.64933],[156.94763,50.75503],[157.20164,50.93134],[157.3884,51.03315],[157.52586,51.09402],[157.75498,51.26656],[157.92407,51.35676],[157.99643,51.40964],[158.17165,51.51289],[158.26486,51.61467],[158.3729,51.69537],[158.42487,51.75843],[158.54463,51.85263],[158.58032,51.89752],[158.62362,51.98742],[158.69342,52.06799],[158.85177,52.217],[158.88129,52.27833],[158.89879,52.37778],[158.8586,52.53168],[158.86634,52.56214],[158.91837,52.6385],[158.93997,52.7084],[159.00037,52.77376],[159.09968,52.85838],[159.21415,52.91783],[159.28452,52.94341],[159.72263,52.96935],[159.85547,52.9183],[159.95489,52.90066],[160.09182,52.90036],[160.22374,52.93324],[160.31607,52.99082],[160.34615,53.02679],[160.38766,53.10962],[160.38945,53.17164],[160.35613,53.31087],[160.29909,53.38922],[160.2874,53.46571],[160.29155,53.57222],[160.28105,53.6645],[160.23129,53.74295],[160.19439,53.82879],[160.2308,53.90076],[160.29378,53.98903],[160.4103,54.08739],[160.55139,54.15929],[160.70033,54.26323],[160.89892,54.34887],[161.04894,54.32942],[161.11535,54.30252],[161.21611,54.28251],[161.54418,54.26802],[161.65006,54.27321],[161.852,54.31503],[161.95534,54.35817],[162.11362,54.47078],[162.38304,54.6118],[162.42775,54.64384],[162.46125,54.68202],[162.4823,54.73074],[162.50278,54.83611],[162.49431,54.89046],[162.46054,54.94616],[162.13679,55.23961],[162.101,55.33828],[162.09179,55.41134],[162.09423,55.48521],[162.12289,55.57378],[162.2336,55.69197],[162.29602,55.80001],[162.39392,55.92615],[162.43889,55.95905],[162.53339,55.94147],[162.67383,55.87197],[162.78056,55.83673],[162.96555,55.80828],[163.13975,55.81265],[163.23936,55.83629],[163.29677,55.86099],[163.49656,55.98873],[163.64021,56.05831],[163.69536,56.11165],[163.71941,56.17672],[163.71424,56.32589],[163.70564,56.36665],[163.63771,56.49692],[163.63328,56.55918],[163.64981,56.69206],[163.63402,56.74717],[163.55514,56.84442],[163.21595,57.05665],[163.19383,57.12635],[163.14301,57.21317],[163.22302,57.29108],[163.36511,57.34634],[163.53636,57.48068],[163.66962,57.6511],[163.97469,58.46424],[164.28006,58.59289],[164.48122,58.64145],[164.60312,58.6643],[164.72977,58.67355],[164.83549,58.69891],[164.91953,58.73402],[164.98916,58.77843],[165.05354,58.83515],[165.0805,58.88245],[165.11646,59.00477],[165.12003,59.04627],[165.10399,59.10129],[165.05635,59.15628],[164.99744,59.25764],[165.89425,59.63268],[166.01074,59.60771],[166.13666,59.59997],[166.3671,59.61436],[166.51553,59.6465],[166.65571,59.71779],[166.77668,59.81988],[166.86965,59.86481],[167.04554,59.97078],[167.19785,60.097],[167.28233,60.13276],[167.6579,60.23048],[167.96551,60.29074],[168.32667,60.38527],[168.66133,60.34305],[168.77925,60.34383],[168.96238,60.36191],[169.11663,60.35169],[169.24549,60.31095],[169.38261,60.23109],[169.42128,60.18135],[169.51614,60.08979],[169.60386,59.9801],[169.87071,59.81844],[170.08905,59.74944],[170.21956,59.72908],[170.38244,59.73224],[170.55219,59.7633],[170.6801,59.80836],[170.78385,59.88227],[170.80947,59.9158],[170.85109,60.01108],[170.86271,60.07681],[171.03191,60.20463],[171.12253,60.30138],[171.20862,60.33478],[171.40209,60.38176],[171.61648,60.44704],[172.05812,60.63405],[172.21072,60.64925],[172.34811,60.68682],[172.45496,60.74471],[172.5187,60.80528],[172.67732,60.85582],[172.77297,60.90044],[172.95131,61.02608],[173.20864,61.11694],[173.45218,61.24572],[173.55754,61.28811],[173.74667,61.38328],[174.08505,61.48425],[174.30217,61.56585],[174.43515,61.60515],[174.64541,61.62039],[174.91948,61.67779],[175.01979,61.71305],[175.13886,61.77448],[175.46832,61.8486],[175.6709,61.94455],[175.76974,61.97715],[176.05881,62.04807],[176.47072,62.11386],[176.62961,62.16882],[176.75885,62.2397],[177.04413,62.31617],[177.18865,62.34196],[177.55266,62.35988],[177.82716,62.34548],[178.1524,62.27636],[178.68175,62.18224],[178.85797,62.10869],[178.96149,62.08509],[179.12966,62.07501],[179.28866,62.09367],[179.39869,62.12351],[179.48689,62.16208],[179.70773,62.35212],[179.93782,62.50135],[180.0,62.55456],[180.0,62.87591],[179.94392,62.93843],[179.87693,63.17004],[179.80825,63.23522],[179.64314,63.3359],[179.38296,63.43807],[179.29052,63.52736],[179.26838,63.5651],[179.22994,63.7652],[179.12554,64.02305],[179.07615,64.10227],[178.98515,64.17353],[178.84582,64.32313],[178.93623,64.4289],[179.1492,64.49773],[179.30068,64.56088],[179.39568,64.58352],[179.63105,64.60181],[179.77321,64.63055],[179.88334,64.67405],[180.0,64.74632],[180.0,69.28951],[179.73967,69.39223],[179.06988,69.57304],[178.83563,69.61682],[178.59903,69.64789],[178.41688,69.65797],[178.2209,69.65481],[177.74287,69.76886],[177.57095,69.79152],[177.30557,69.80265],[177.15023,69.82302],[176.79292,69.89802],[176.56377,70.00573],[176.44199,70.04051],[176.28156,70.06687],[176.12815,70.07687],[175.71719,70.07755],[175.11175,70.03992],[174.68768,70.04017],[174.21405,70.10171],[173.56854,70.13068],[172.88827,70.17863],[172.6854,70.18105],[172.46695,70.15446],[172.11946,70.17465],[171.59117,70.24405],[171.33048,70.25652],[171.10054,70.28366],[170.90025,70.28651],[170.79985,70.30576],[170.61353,70.32307],[170.34375,70.31419],[170.14604,70.28755],[169.97132,70.2359],[169.86683,70.16775],[169.84275,70.12581],[169.53496,70.10461],[169.3384,70.13314],[168.97885,70.16285],[168.74619,70.21358],[168.56968,70.23015],[168.35628,70.22959],[167.93216,70.18254],[167.69265,70.12456],[167.50017,70.04876],[167.42246,70.01125],[167.31861,69.94375],[167.23338,69.86942],[166.83917,69.70743],[166.67419,69.71267],[166.4689,69.6972],[166.32216,69.70412],[166.1737,69.73426],[165.95837,69.76293],[165.52787,69.76971],[165.29452,69.78864],[165.0992,69.78409],[164.88988,69.76095],[164.8111,69.76597],[164.71523,69.79393],[164.60609,69.86172],[164.46983,69.90874],[164.3013,69.93804],[164.08122,69.95242],[163.79492,69.93921],[163.66325,69.91499],[163.56671,69.88575],[163.41476,69.90143],[163.25339,69.90381],[163.01773,69.88863],[162.81832,69.85388],[162.6984,69.86698],[162.38131,69.8779],[161.19063,69.88876],[160.65429,69.92273],[160.53749,70.09912],[160.59931,70.13699],[160.66432,70.19518],[160.68494,70.23943],[160.67579,70.29576],[160.61248,70.40961],[160.53435,70.50563],[160.42846,70.60293],[160.80474,70.59846],[161.07164,70.63036],[161.12644,70.57213],[161.19854,70.53474],[161.30208,70.50124],[161.4345,70.47569],[161.65805,70.46006],[161.92417,70.47435],[162.13884,70.43334],[162.36834,70.42062],[162.65302,70.43705],[162.87542,70.47835],[162.96224,70.50982],[163.06274,70.56691],[163.09903,70.61106],[163.10418,70.65678],[163.0747,70.70526],[163.03403,70.73675],[162.88168,70.79763],[162.6697,70.83439],[162.44455,70.85109],[162.2744,70.85045],[162.19437,70.90453],[162.16889,70.94681],[162.12622,70.97933],[161.9387,71.06461],[161.76129,71.10819],[161.56241,71.12782],[161.24013,71.11647],[161.06274,71.08658],[160.96586,71.05741],[160.7811,71.09187],[160.63083,71.10718],[160.42172,71.11348],[160.24184,71.10174],[160.07143,71.0718],[159.92756,71.02132],[159.84411,70.95708],[159.82796,70.93118],[159.82303,70.89376],[159.41989,71.00311],[158.91601,71.10413],[158.6744,71.1424],[157.97203,71.21787],[157.06216,71.27496],[156.40678,71.26718],[156.07221,71.27621],[155.75384,71.26654],[154.6575,71.17957],[154.18224,71.13515],[153.61164,71.0635],[153.38365,71.05531],[152.98457,71.01864],[152.81215,71.01746],[152.27763,71.36389],[151.67495,71.68072],[151.57182,71.71519],[151.44541,71.74099],[150.83195,71.81615],[150.74672,71.90514],[150.72594,71.95016],[150.6777,71.9973],[150.48412,72.1219],[150.19427,72.23329],[149.99514,72.29341],[149.79905,72.33987],[149.49837,72.39205],[148.51614,72.51485],[147.61505,72.52664],[147.19923,72.51164],[146.51955,72.6316],[145.72079,72.71598],[144.38143,72.8406],[144.32036,73.22036],[144.30379,73.44849],[144.24584,73.51592],[144.03367,73.64099],[143.7702,73.74776],[143.35021,73.86803],[143.12307,73.95191],[142.88983,74.0026],[142.65067,74.03218],[141.83772,74.19495],[141.82693,74.22741],[141.8021,74.2598],[142.95607,74.62196],[144.17776,74.70928],[144.42892,74.74917],[145.06839,74.95288],[145.32106,75.01919],[145.4259,75.06146],[145.49026,75.11084],[145.83716,75.00985],[146.2808,74.94342],[146.67374,74.84523],[146.99226,74.80092],[147.18903,74.78387],[147.58253,74.65201],[147.96624,74.58802],[148.51809,74.54428],[148.93761,74.52918],[149.29458,74.53079],[149.90706,74.56467],[150.36257,74.62861],[150.99355,74.68588],[151.14849,74.71439],[151.28399,74.75563],[151.38134,74.81092],[151.46506,74.94398],[151.54244,74.99085],[151.67649,75.04524],[151.72922,75.08887],[151.74268,75.12132],[151.73504,75.157],[151.70735,75.18914],[151.64824,75.22556],[151.48168,75.2813],[151.24159,75.32285],[150.32785,75.39875],[150.04627,75.41023],[149.60359,75.45444],[148.72314,75.58234],[148.47635,75.59969],[148.18716,75.59909],[147.99844,75.61719],[147.12336,75.71822],[146.98596,75.74878],[146.80186,75.77328],[146.46894,75.78827],[146.22601,75.77789],[146.00579,75.75189],[145.82339,75.71187],[145.4154,75.78922],[145.17846,75.85166],[145.00451,75.87791],[144.80373,75.89475],[144.52798,75.96191],[144.09575,76.02115],[143.81393,76.04442],[143.58724,76.05162],[143.35293,76.04636],[143.10466,76.02622],[142.94165,76.08701],[142.73595,76.13855],[142.46092,76.23122],[142.26197,76.2744],[142.06547,76.29898],[141.81391,76.34642],[140.75871,76.47758],[140.5058,76.49475],[140.1787,76.49135],[138.94688,76.39939],[138.587,76.39149],[138.34524,76.37074],[138.14847,76.34217],[137.69856,76.26558],[137.50169,76.20846],[137.11906,76.14193],[136.96002,76.10101],[136.81332,76.05315],[136.7213,76.01072],[136.63534,75.94499],[136.61972,75.89756],[136.57005,75.8727],[136.52211,75.92942],[136.42548,75.98043],[136.27329,76.02281],[136.07745,76.05314],[135.84802,76.06932],[135.60397,76.06894],[135.37196,76.05155],[135.20909,76.02697],[135.11045,76.00436],[134.99305,75.96231],[134.94438,75.93485],[134.8758,75.87755],[134.86304,75.83291],[134.87631,75.80225],[134.79727,75.68526],[134.81273,75.62914],[134.83937,75.59148],[134.81948,75.54833],[134.7206,75.48895],[134.70038,75.44558],[134.73213,75.35666],[134.80719,75.29281],[134.9122,75.2485],[135.0925,75.20538],[135.35522,75.17463],[135.73264,75.16433],[135.93224,75.17083],[136.21533,75.19584],[136.54746,75.01946],[136.67978,74.96021],[136.77055,74.92614],[137.20004,74.82834],[137.31391,74.74837],[137.55938,74.64109],[137.75713,74.59056],[138.3508,74.53418],[138.66147,74.4673],[139.44825,74.13614],[139.44285,74.10121],[139.45004,74.05896],[139.5105,73.98065],[139.15755,73.50051],[139.09214,73.44767],[139.07874,73.41453],[139.08236,73.38244],[139.11491,73.3407],[139.21889,73.26744],[139.32471,73.21988],[139.4809,73.1792],[139.92284,72.90039],[139.50808,72.74825],[139.17562,72.6566],[138.73897,72.4746],[138.59857,72.39305],[138.5143,72.31033],[138.29156,72.12263],[138.04534,72.05875],[137.84288,71.96873],[137.26434,71.81205],[136.17838,71.85289],[135.88608,71.84963],[135.48961,71.82962],[135.05737,71.78236],[134.67916,71.71771],[134.56002,71.68734],[134.23184,71.57564],[133.92038,71.62795],[133.7783,71.6685],[133.74265,71.6838],[133.70608,71.71549],[133.84011,71.77214],[133.9318,71.82704],[133.95628,71.85714],[133.96553,71.88806],[133.95926,71.91905],[133.90079,71.97826],[133.62683,72.10177],[133.43509,72.1441],[133.29618,72.16029],[133.08071,72.16915],[132.57296,72.13799],[132.39957,72.11404],[132.23755,72.0746],[132.09515,72.01916],[131.97323,71.95168],[131.86072,71.86082],[131.75776,71.79445],[131.69051,71.73828],[131.57666,71.61179],[131.42749,71.35785],[131.37809,71.30008],[130.81378,71.1921],[130.7475,71.20221],[130.66825,71.48501],[130.67805,71.54672],[130.66515,71.58858],[130.63367,71.63493],[130.58811,71.67306],[130.49415,71.72041],[130.2444,71.79113],[130.28693,72.22773],[130.33084,72.3721],[130.24546,73.00397],[130.21617,73.0544],[130.16559,73.08988],[130.07815,73.12927],[128.64822,73.60873],[128.25751,73.68912],[126.31233,73.86321],[125.32495,74.07177],[124.95994,74.12691],[124.6931,74.13823],[124.33103,74.1186],[123.36838,74.18785],[123.02154,74.18268],[122.78364,74.15202],[122.61621,74.10873],[122.48999,74.04936],[122.42719,73.98772],[122.3873,73.88543],[122.38403,73.85421],[122.39358,73.82439],[122.46579,73.7618],[122.57065,73.71609],[122.48202,73.5889],[122.45802,73.51519],[122.49389,73.41195],[122.54304,73.36083],[122.57292,73.31187],[122.41253,73.29164],[121.79401,73.25111],[121.61567,73.22145],[121.41174,73.16061],[121.11626,73.13803],[121.02178,73.22453],[120.8714,73.28511],[120.62408,73.33459],[120.25736,73.37644],[120.04796,73.3834],[119.48137,73.63605],[119.15748,73.71137],[118.88069,73.7483],[118.11737,73.77832],[117.79306,73.77151],[117.55741,73.77776],[116.78647,73.8629],[116.36448,73.8661],[116.07419,73.8908],[115.55843,73.91033],[115.33574,73.90757],[114.98676,73.88102],[114.84103,73.8586],[114.5419,73.78905],[114.31789,73.79798],[114.02519,73.78697],[113.94242,73.84073],[113.87573,73.91625],[113.82069,73.95636],[113.74241,73.99202],[113.58399,74.03897],[113.70778,74.06453],[113.8332,74.10556],[113.89756,74.13777],[113.96814,74.19455],[114.11303,74.25548],[114.19794,74.33567],[114.21083,74.37612],[114.20358,74.41899],[114.17831,74.4614],[114.12965,74.50571],[113.70964,74.73707],[113.56657,74.89384],[113.6627,74.92025],[113.87169,75.0061],[114.21916,75.12327],[114.38482,75.21228],[114.43345,75.24967],[114.4637,75.2847],[114.48695,75.34036],[114.54367,75.40521],[114.55345,75.43958],[114.54774,75.47227],[114.52704,75.51055],[114.49156,75.55139],[114.57473,75.64755],[114.6652,75.7064],[114.70614,75.75117],[114.73963,75.84245],[114.7379,75.90079],[114.71162,75.94655],[114.65901,75.98817],[114.36529,76.13921],[114.32443,76.326],[114.33404,76.34972],[114.33003,76.38132],[114.27806,76.43706],[114.20544,76.47781],[113.95356,76.56632],[113.6483,76.6272],[113.41542,76.65544],[113.33017,76.6966],[113.17647,76.74464],[112.98868,76.78527],[112.80474,76.81191],[111.94253,76.88293],[111.61577,76.94489],[111.36339,76.96791],[110.77707,76.98803],[109.6951,76.95664],[108.99244,77.09559],[108.61867,77.38408],[108.481,77.4479],[108.43539,77.94362],[108.63143,78.01468],[108.68397,78.04624],[108.74024,78.09808],[108.75093,78.13022],[108.73999,78.16909],[108.70622,78.20143],[108.57718,78.26256],[108.46432,78.29389],[107.32589,78.52008],[106.43525,78.64796],[106.4128,78.69107],[106.40596,78.73803],[106.3685,78.78439],[106.28755,78.84463],[106.14145,78.90636],[105.29691,79.15343],[104.7322,79.29825],[104.01066,79.43777],[103.67616,79.5196],[101.28971,79.80661],[101.14935,79.88313],[100.86201,80.00178],[100.25036,80.16684],[100.07637,80.1964],[99.86907,80.219],[98.70751,80.29708],[99.34499,80.60716],[99.40718,80.65534],[99.40521,80.6923],[99.30489,80.78992],[99.16231,80.84682],[97.88868,81.09809],[97.22067,81.31574]],[[36.04361900000015,52.927094700000055],[36.0390529,52.929599200000155],[36.04987160000019,52.934979699999985],[36.05386180000011,52.93059100000016],[36.04374240000004,52.925954],[36.04361900000015,52.927094700000055]]],[[[60.65731,81.73228],[60.71219,81.78929],[60.72177,81.82389],[60.70295,81.85927],[60.64391,81.89307],[60.49428,81.94968],[60.35242,81.98001],[59.94047,82.02897],[59.41981,82.05447],[58.65449,82.05462],[57.35639,81.99881],[56.95511,81.95708],[56.63089,81.89586],[56.54519,81.86403],[56.49713,81.82759],[56.49742,81.79052],[56.55191,81.75159],[56.54913,81.73507],[56.13999,81.71422],[55.76587,81.67082],[55.54261,81.62211],[55.44419,81.57697],[55.08487,81.59352],[54.51715,81.58761],[53.99716,81.54561],[53.50518,81.52101],[53.32642,81.50273],[53.04171,81.45462],[52.94288,81.42604],[52.87464,81.39422],[52.84314,81.36113],[52.84886,81.32773],[52.89121,81.29493],[53.12681,81.21433],[52.95934,81.1593],[52.91817,81.12801],[52.90786,81.10425],[52.91721,81.07704],[52.96123,81.03614],[53.04958,80.9968],[53.13402,80.97274],[52.87079,80.90387],[52.81235,80.87611],[52.77179,80.83959],[52.42722,80.89254],[52.1462,80.955],[52.10519,81.00041],[52.07767,81.01255],[52.2038,81.04978],[52.275,81.08739],[52.29707,81.11851],[52.29457,81.14532],[52.26597,81.18168],[52.20129,81.21775],[51.99895,81.27657],[51.61169,81.33297],[51.21931,81.36494],[50.75304,81.38021],[50.38684,81.37965],[49.89877,81.35683],[49.6686,81.33279],[49.4006,81.28427],[49.20872,81.23515],[49.1299,81.20276],[49.0916,81.17253],[49.08222,81.14298],[49.0996,81.10916],[49.12649,81.09235],[49.11027,81.07832],[48.79699,81.03453],[48.67828,81.00639],[48.24588,81.01398],[47.95246,81.04107],[47.60014,81.05526],[47.08713,81.04746],[46.5791,81.02228],[46.20972,80.97864],[46.07041,80.94966],[45.9342,80.8988],[45.70683,80.87612],[45.50373,80.84167],[44.58128,80.80105],[44.15916,80.75994],[43.91156,80.71628],[43.78539,80.67917],[43.72494,80.65081],[43.68942,80.61784],[43.68338,80.59241],[43.69409,80.56998],[43.73294,80.53991],[43.81039,80.50654],[44.03493,80.45375],[44.56277,80.39213],[44.76135,80.35784],[45.54984,80.26732],[45.61884,80.22006],[45.76615,80.1736],[45.80013,80.14221],[45.86237,80.10985],[46.04066,80.05649],[46.40396,80.00139],[46.98559,79.89342],[47.39035,79.85564],[47.79314,79.84707],[48.25903,79.86315],[48.64574,79.81141],[48.93119,79.7957],[49.36652,79.79117],[49.67753,79.75914],[50.09341,79.73624],[50.96053,79.71488],[51.43233,79.71436],[51.69662,79.724],[52.06795,79.75566],[52.36789,79.80213],[52.55069,79.86002],[52.79678,79.83299],[53.16811,79.8119],[53.4886,79.80904],[53.8882,79.82819],[54.2309,79.87218],[54.43633,79.92512],[54.50088,79.95521],[54.53962,79.9974],[54.73647,80.01107],[54.86991,79.9707],[55.00434,79.94492],[55.35022,79.90642],[55.53682,79.86188],[55.66415,79.84217],[55.97346,79.81269],[56.32348,79.80092],[56.73811,79.81035],[57.01491,79.83173],[57.21984,79.86023],[57.32464,79.82606],[57.50155,79.79016],[57.503,79.75583],[57.53513,79.72348],[57.59292,79.69375],[57.8301,79.6315],[58.23341,79.58463],[58.75461,79.57235],[59.05823,79.58548],[59.3568,79.6161],[59.59026,79.65857],[59.69775,79.69211],[60.09527,79.69324],[60.36992,79.70729],[60.65754,79.73686],[60.85286,79.77179],[61.02919,79.82891],[61.09373,79.87887],[61.10328,79.90215],[61.09516,79.93046],[61.01012,79.98779],[61.01749,80.00029],[61.24811,80.0486],[61.35377,80.0886],[61.3928,80.11455],[61.4101,80.13941],[62.14922,80.21035],[62.40233,80.24894],[62.56062,80.29003],[62.63925,80.32473],[62.67771,80.35915],[62.67993,80.39405],[62.67304,80.39981],[62.98975,80.44085],[63.49497,80.44947],[63.85843,80.4802],[64.89426,80.52969],[65.27843,80.56863],[65.79468,80.63648],[66.19766,80.72781],[66.48176,80.81575],[66.55523,80.85093],[66.60658,80.89591],[66.62195,80.93067],[66.60073,80.96327],[66.62487,80.98045],[66.64464,81.01515],[66.62067,81.0678],[66.57518,81.09999],[66.57094,81.11546],[66.52547,81.1524],[66.4655,81.18531],[66.28385,81.24233],[65.80978,81.3273],[65.24017,81.37476],[64.48049,81.3935],[64.15943,81.3861],[63.83839,81.36658],[63.51805,81.33382],[63.06487,81.26507],[62.88027,81.21046],[62.82909,81.1764],[62.65175,81.22392],[62.46941,81.25211],[61.89257,81.30202],[61.87192,81.32546],[62.49906,81.33257],[63.07295,81.38088],[63.69501,81.3823],[64.26321,81.41641],[64.58462,81.45325],[64.88782,81.51047],[65.05154,81.56893],[65.13179,81.62218],[65.13405,81.65591],[65.11202,81.68219],[65.00395,81.73666],[64.74921,81.80104],[64.45279,81.84557],[64.02846,81.88483],[63.44667,81.90703],[62.56482,81.903],[62.12453,81.89105],[61.63414,81.86434],[61.33182,81.83353],[60.85868,81.76667],[60.61781,81.70651],[60.65731,81.73228]]]]},"properties":{"id":"89588193B69022144921215","country":"RUS","name":"Russian Federation","label":"Росія","center":[38.2,51.5],"strength":1.0}}]}